Amount,Hour,PreviousTransactions,International,NewDevice,HighRiskCountry,Fraud
11465.73,0,16,0,1,1,1
12280.89,14,12,1,1,0,1
9852.37,5,6,1,0,0,0
13166.02,16,24,1,0,1,1
11274.09,12,40,0,0,0,0
3353.89,11,10,1,1,0,0
14930.79,15,19,0,1,1,1
6786.94,1,3,1,1,1,1
14226.09,19,8,0,0,0,0
443.75,10,31,0,0,1,0
14052.17,17,40,0,0,1,1
11309.94,9,13,1,1,0,1
1803.04,20,23,1,1,0,0
3171.32,2,15,1,1,0,1
14938.99,12,10,0,0,1,1
10677.33,7,27,0,0,1,1
14214.94,11,30,1,1,1,1
844.26,3,16,0,0,0,0
14921.0,8,3,0,0,1,1
1034.71,4,22,0,1,0,0
117.58,7,16,0,1,1,1
11559.56,12,36,1,0,1,1
3364.62,21,9,0,0,0,0
2543.67,20,34,1,1,1,1
2206.3,3,20,0,1,0,0
7022.9,7,22,0,0,0,0
12649.98,17,23,1,0,0,0
483.83,1,26,1,1,0,1
8436.87,19,24,1,1,1,1
396.05,13,24,0,0,0,0
9095.6,5,7,1,1,1,1
3561.54,3,7,0,0,1,0
9286.62,7,20,1,0,0,0
8184.53,13,19,0,1,1,1
278.93,5,21,0,0,0,0
4033.98,12,27,0,1,0,0
13277.33,21,40,1,0,0,0
6681.99,10,37,1,1,0,1
8940.49,13,15,0,1,1,1
14130.83,3,36,0,1,0,1
9820.13,19,7,1,1,0,1
9695.62,12,22,1,0,0,0
5564.81,7,21,1,1,1,1
7748.97,1,26,1,1,0,1
1258.6,23,0,1,1,1,1
11943.55,23,3,1,0,0,1
985.05,15,16,0,1,1,1
3191.2,2,10,0,0,0,0
12556.99,13,10,1,1,0,1
3169.63,6,36,0,0,0,0
12084.87,19,23,0,1,0,0
11636.5,19,5,1,1,1,1
9096.52,14,5,0,1,1,1
1922.4,17,6,0,1,1,1
8375.09,9,35,1,0,0,0
9856.32,15,7,0,1,0,1
12595.86,23,31,1,0,0,1
10889.41,23,28,1,1,1,1
5166.7,7,30,0,1,0,0
12406.31,11,26,0,1,0,0
197.19,13,19,1,1,1,1
4233.95,14,22,0,1,0,0
14530.04,7,12,1,1,1,1
2181.18,12,13,0,1,1,1
8921.56,13,17,1,1,1,1
11387.07,0,4,1,1,0,1
11101.35,11,26,1,1,0,1
673.74,8,30,1,0,1,1
4387.09,5,19,0,1,1,1
13406.47,12,9,1,1,1,1
8609.89,21,5,0,0,0,0
3245.18,8,28,1,0,0,0
6722.64,9,37,0,1,0,0
14306.72,23,21,0,0,1,1
9602.5,1,21,0,1,0,1
11796.92,7,8,0,1,1,1
9196.51,9,32,0,0,1,1
12622.32,0,27,0,1,1,1
2529.57,8,38,0,0,1,0
5837.23,23,40,1,0,0,0
7450.8,20,30,1,1,0,1
1845.86,14,15,0,1,1,1
14178.13,2,1,1,1,1,1
9959.19,20,8,1,1,1,1
2442.3,21,23,1,1,0,0
14263.19,10,20,1,0,0,0
2505.84,23,5,0,0,1,0
8911.46,10,10,0,0,1,1
953.73,20,31,1,1,1,1
2628.84,8,4,1,0,1,1
13070.56,8,8,0,0,1,1
12389.28,15,11,0,0,1,1
13718.59,14,14,0,0,0,0
11385.04,1,18,0,0,1,1
13359.47,2,23,0,1,0,1
9469.09,21,24,1,0,0,1
9604.71,20,6,0,0,0,0
10204.84,19,9,0,1,0,0
14234.71,8,3,0,1,0,1
5506.26,5,33,0,1,1,1
2576.0,9,34,1,0,0,0
9359.62,7,34,0,0,1,1
5453.77,23,32,1,0,0,0
7892.59,18,8,0,0,1,0
12392.52,23,33,0,1,0,1
9396.62,14,17,0,0,1,1
6107.14,15,20,1,1,0,1
8043.91,19,34,0,0,1,1
12787.84,16,22,0,0,1,1
4942.82,5,4,0,0,1,0
3456.2,8,21,1,0,0,0
5102.19,14,8,0,1,0,0
4796.12,2,30,0,0,0,0
10297.75,10,16,1,0,0,0
2723.14,21,22,1,1,0,0
10247.68,4,1,1,0,1,1
7855.04,12,13,1,1,0,1
7706.43,18,16,1,0,0,0
8776.55,7,22,0,1,1,1
13896.61,12,5,1,0,0,0
12718.8,2,22,0,0,1,1
9387.26,5,24,0,0,1,1
6673.53,21,3,1,0,1,1
3137.64,3,23,0,1,0,0
3547.0,6,19,0,0,0,0
9027.69,6,24,0,0,1,1
12307.61,18,35,1,1,0,1
6834.4,7,14,1,1,1,1
4371.23,5,13,1,1,0,0
2212.0,19,20,1,0,0,0
8162.03,7,14,1,1,0,1
8811.02,19,15,0,1,0,0
3411.03,22,0,0,1,1,1
5815.88,2,20,1,0,0,0
9547.13,9,31,0,0,0,0
1769.5,11,8,0,1,1,1
4417.78,16,39,1,1,1,1
1246.57,22,35,0,1,1,1
8554.77,17,2,1,0,1,1
13336.49,12,2,1,0,1,1
6023.13,19,5,0,0,0,0
8037.25,22,37,0,1,0,0
4358.42,5,30,0,1,0,0
11568.7,20,21,1,1,1,1
11342.13,15,23,1,0,0,0
9278.79,19,33,0,1,0,0
10090.63,10,13,1,0,1,1
4120.22,4,29,1,0,1,1
5848.69,4,20,1,1,1,1
7153.58,15,28,0,0,0,0
648.44,3,12,1,1,1,1
7641.37,4,40,1,1,0,1
14158.82,11,19,0,1,1,1
3111.13,21,16,0,0,1,0
11358.83,14,15,1,0,1,1
4797.75,14,33,0,0,1,0
6366.26,11,21,0,0,0,0
5779.52,23,36,1,0,1,1
491.6,16,8,1,0,0,0
10342.06,22,29,0,1,1,1
6452.06,0,12,0,1,1,1
12878.12,9,38,0,0,0,0
4065.67,15,12,1,1,0,0
3127.31,19,19,1,0,0,0
8696.67,10,2,1,0,1,1
7734.46,10,21,1,0,0,0
12318.34,19,16,0,0,1,1
9205.48,8,24,1,0,0,0
4914.26,4,8,0,0,0,0
7260.41,17,6,0,0,0,0
5001.96,13,14,0,1,1,1
2504.79,17,31,0,1,1,1
7989.19,12,19,1,1,1,1
10082.7,8,24,0,0,0,0
577.92,3,35,0,1,0,0
5754.93,2,10,0,1,1,1
11132.45,16,14,0,0,1,1
7149.87,9,17,0,1,0,0
1288.59,11,38,1,1,0,0
13002.95,14,15,1,1,1,1
852.46,1,22,1,0,0,0
5596.05,16,40,1,0,1,1
12213.56,20,13,1,1,1,1
11209.07,18,27,1,0,1,1
2573.31,10,15,1,0,0,0
3214.81,22,37,0,0,1,0
194.31,7,34,1,1,1,1
1861.02,22,3,0,0,1,0
6249.56,3,14,0,1,1,1
7790.54,3,15,0,0,1,1
10973.45,13,8,0,1,1,1
8611.65,2,11,0,0,1,1
3500.06,19,26,0,0,0,0
11067.65,13,36,1,0,0,0
10727.55,10,39,0,1,1,1
5933.05,4,30,0,1,1,1
7394.55,19,5,1,1,1,1
1196.15,0,20,0,1,0,0
12738.51,11,5,0,0,1,1
13645.12,8,10,1,0,1,1
4837.19,21,30,1,1,1,1
8713.97,3,14,1,0,0,1
6155.34,17,17,0,1,0,0
1432.98,15,15,0,1,1,1
11507.75,2,12,0,0,1,1
7682.76,21,24,0,1,1,1
14429.34,1,34,1,0,0,1
12641.14,19,39,0,0,1,1
9622.07,16,21,1,1,0,1
4016.4,13,18,0,1,0,0
8592.76,22,11,0,0,1,1
4290.27,3,32,1,0,1,1
14125.63,16,35,1,1,0,1
2612.38,21,39,0,1,1,1
9637.49,23,39,1,0,0,0
841.94,16,10,1,1,1,1
11541.69,9,10,0,1,0,0
8898.69,3,28,1,1,0,1
14061.07,5,0,1,0,1,1
14328.52,13,32,0,0,1,1
12454.6,16,1,1,0,1,1
7185.07,6,0,0,0,1,1
7515.48,8,35,0,0,0,0
3931.72,22,8,0,1,0,0
6965.15,9,24,0,1,0,0
10927.19,18,31,1,0,0,0
12286.98,12,21,1,1,1,1
6421.68,19,0,1,0,1,1
5655.52,17,37,0,0,1,0
1815.67,4,0,1,0,1,1
12162.79,10,4,0,0,1,1
13079.5,16,9,1,0,1,1
12538.92,12,11,0,1,1,1
11283.4,4,25,0,1,1,1
14219.69,4,15,1,1,0,1
8040.88,11,17,1,1,1,1
1272.72,6,19,1,1,1,1
6765.11,16,0,1,0,1,1
507.26,18,21,0,1,1,1
7589.63,18,24,0,1,0,0
1293.34,9,17,0,1,0,0
4677.18,16,6,1,0,0,0
2383.14,15,10,1,0,1,1
3191.1,5,36,0,1,1,1
315.97,17,30,0,1,0,0
10866.93,22,37,0,0,0,0
4699.84,18,33,0,0,1,0
3254.41,14,11,0,0,0,0
14001.11,12,16,1,1,0,1
8481.04,8,29,1,1,0,1
2291.95,23,26,1,0,1,1
3678.02,13,38,1,0,0,0
10798.68,1,16,0,0,0,0
13198.97,23,37,1,1,0,1
14759.18,23,19,0,1,0,0
11679.04,3,27,0,0,0,0
10125.17,1,3,0,1,0,1
2195.15,11,24,1,0,1,1
5038.49,9,19,1,0,0,0
4691.31,19,35,1,0,0,0
5356.73,13,5,0,0,1,1
11318.69,23,35,0,1,1,1
1903.84,12,23,0,1,1,1
1125.51,13,30,0,0,0,0
274.65,16,31,0,1,0,0
10902.55,0,6,1,0,0,1
13003.33,13,15,1,1,0,1
6193.36,3,16,1,1,0,1
13325.52,12,28,1,0,1,1
8817.76,11,17,1,1,0,1
2688.3,0,18,0,1,0,0
2883.68,21,36,1,0,1,1
5087.3,16,32,1,0,0,0
8136.6,3,17,0,1,0,1
9492.44,23,7,0,1,1,1
5938.67,23,0,1,1,0,1
8802.51,14,3,0,1,1,1
10565.22,17,30,0,0,1,1
9921.95,4,37,0,1,1,1
13924.16,5,25,1,0,0,0
3246.26,17,13,0,1,0,0
14415.75,10,17,1,0,1,1
3894.29,17,40,1,0,1,1
5873.07,17,26,0,0,0,0
7770.66,1,29,1,0,1,1
13856.5,7,1,0,0,1,1
5698.26,8,15,1,1,1,1
9472.83,5,31,0,1,0,1
10595.67,21,3,1,0,0,0
1573.26,0,17,1,1,1,1
8182.18,9,28,0,0,1,1
8092.82,2,9,0,1,1,1
4166.72,9,34,1,1,0,0
1800.7,18,28,0,0,0,0
11372.83,1,11,0,1,0,1
1914.59,1,2,0,1,0,0
693.69,2,28,0,1,1,1
3636.09,5,39,1,1,0,0
13322.87,9,10,1,0,1,1
2055.93,14,35,1,0,1,1
6299.41,21,37,1,1,1,1
14400.76,0,20,0,0,1,1
1608.47,22,0,1,1,1,1
12092.03,21,36,1,0,1,1
13616.74,15,17,1,0,0,0
639.3,19,20,1,1,0,0
5901.25,15,14,0,1,0,0
8947.26,4,9,0,1,0,1
10435.56,17,33,1,0,0,0
11907.18,23,33,1,1,0,1
14731.02,15,27,1,1,1,1
1998.73,3,31,1,1,1,1
9512.83,11,9,0,1,0,0
7338.87,11,31,1,1,0,1
2199.22,0,20,0,1,0,0
13946.93,15,21,0,0,1,1
3167.47,0,14,1,1,0,1
11701.85,5,0,0,1,0,1
12524.42,14,35,0,0,1,1
5305.22,5,34,0,0,0,0
11856.23,22,38,0,0,1,1
3778.88,21,17,0,1,0,0
13934.47,0,30,0,1,0,1
11029.68,7,10,0,0,0,0
1224.94,22,9,1,0,0,0
9028.93,8,24,1,0,0,0
7292.97,0,12,0,1,0,0
3282.54,13,5,0,1,1,1
9902.02,20,10,1,1,1,1
9952.05,22,14,0,1,0,1
5614.65,22,30,1,0,0,0
1028.33,5,4,0,0,0,0
12306.5,9,24,1,0,0,0
3493.74,10,30,1,0,1,1
5487.65,5,2,1,0,0,0
7767.14,11,15,0,0,1,0
3328.71,8,6,0,0,0,0
9455.06,17,18,0,1,0,0
4901.09,4,40,1,0,1,1
1566.91,5,16,1,0,0,0
14180.62,23,19,0,1,0,1
9980.54,1,22,0,0,0,0
14860.45,22,37,0,1,1,1
14873.84,19,5,0,0,1,1
3590.16,5,38,0,0,0,0
9574.86,5,27,0,1,1,1
5537.9,19,18,1,0,0,0
12175.27,0,24,1,0,0,1
3768.02,18,3,0,0,0,0
6870.93,23,29,1,1,0,1
73.44,20,2,1,0,1,1
8218.32,16,14,1,1,1,1
3594.24,5,17,0,0,0,0
2146.93,7,12,0,1,0,0
3541.58,19,30,0,1,0,0
9880.29,1,1,1,1,0,1
14148.09,6,24,1,1,1,1
4624.23,11,9,1,1,0,0
11471.0,16,3,1,0,0,1
140.66,17,5,0,0,0,0
4528.85,17,12,1,0,1,1
13340.92,6,11,0,1,1,1
12820.71,19,20,0,0,1,1
13964.11,4,40,0,0,1,1
1594.58,14,0,0,1,0,0
143.47,9,10,1,0,1,1
913.62,7,13,1,1,0,0
7515.06,6,26,0,0,0,0
9331.79,8,31,1,0,1,1
2312.89,16,20,0,0,1,0
14687.28,21,28,1,0,0,1
4532.68,23,40,1,0,1,1
9956.14,17,15,1,1,0,1
4104.78,4,3,1,1,0,1
4477.59,17,28,0,1,0,0
9578.04,15,21,1,1,1,1
11019.58,22,14,0,0,0,0
2673.34,4,25,0,1,1,1
11153.62,19,21,0,0,0,0
5411.01,7,37,0,1,0,0
14481.09,9,26,1,0,0,0
3932.05,23,18,1,0,0,0
11121.86,1,21,0,0,0,0
14778.63,15,7,1,0,0,0
12948.8,3,10,1,1,1,1
14354.63,13,2,0,1,0,0
11586.55,17,40,1,0,0,1
6274.57,6,2,0,1,0,0
275.98,4,26,1,1,1,1
6239.91,2,11,1,0,0,1
2154.65,16,39,1,0,1,1
6683.19,5,20,0,0,0,0
11524.3,7,6,1,1,0,1
5273.26,20,12,0,1,0,0
14055.99,5,14,0,1,0,0
4454.3,21,5,0,0,1,0
6589.94,16,38,0,1,1,1
5305.15,14,37,0,0,0,0
8550.14,8,32,0,1,0,0
5962.36,11,2,1,0,1,1
8001.38,18,24,1,0,1,1
6906.56,3,36,0,1,0,1
11681.9,12,33,1,0,1,1
10868.11,20,8,1,0,0,0
3032.82,13,14,1,1,0,0
1607.04,19,12,0,0,0,0
5445.05,21,21,1,1,0,1
884.28,2,38,0,1,0,0
10515.08,12,32,0,1,1,1
8787.46,19,26,1,0,1,1
12717.03,4,34,1,0,1,1
9360.21,5,4,1,1,1,1
3107.34,11,9,0,0,1,0
11684.15,19,30,0,0,1,1
10887.05,16,23,1,0,0,0
11547.28,0,17,0,1,0,1
8759.07,21,12,0,1,0,0
6797.61,6,34,0,1,0,0
9753.78,6,36,0,1,1,1
841.95,21,12,0,1,1,1
7126.86,21,25,0,1,0,0
6539.53,5,20,1,1,1,1
4669.99,2,17,0,0,1,0
6565.71,3,25,0,1,1,1
12893.14,19,2,1,0,1,1
13246.8,2,19,1,1,1,1
12362.9,21,32,0,0,0,0
5531.28,6,38,0,0,1,1
14607.97,2,27,1,0,0,1
517.99,14,40,1,0,0,0
9186.79,10,1,0,0,0,0
14019.97,23,34,0,1,0,0
8961.65,20,22,1,1,1,1
2288.63,9,29,1,0,0,0
9046.39,19,26,1,0,1,1
4800.29,6,11,0,1,1,1
886.12,20,5,0,0,0,0
10253.91,15,13,0,1,1,1
7028.86,0,40,0,1,0,0
2855.39,15,18,0,1,0,0
10232.94,7,30,1,1,1,1
6739.46,19,1,0,0,0,0
5559.66,8,4,0,1,1,1
14092.13,0,1,0,1,0,1
316.81,23,22,1,0,0,0
2948.16,13,28,1,0,0,0
13647.93,15,30,0,0,1,1
6878.9,4,0,0,1,1,1
3866.92,3,11,1,0,0,0
2070.08,19,22,1,0,1,1
6881.24,15,4,1,1,0,1
7697.96,20,36,0,0,1,0
5190.27,9,25,1,0,0,0
7385.48,17,21,1,0,1,1
14389.97,16,14,0,0,1,1
6647.87,17,19,1,1,1,1
86.28,3,26,1,0,0,0
8257.74,6,21,1,0,0,1
664.12,15,9,1,1,1,1
6684.93,17,14,0,1,1,1
11115.17,9,5,1,0,0,0
3618.65,11,5,0,0,1,0
11732.4,7,26,0,1,1,1
1973.3,22,21,0,0,1,0
3197.06,16,25,0,1,1,1
7910.85,3,23,1,1,1,1
6438.59,0,36,1,0,0,0
8099.88,16,17,0,1,0,1
7709.93,5,35,1,1,1,1
12941.47,7,0,0,0,1,1
5110.39,23,7,1,1,1,1
739.12,6,31,0,1,1,1
2718.75,11,29,0,0,0,0
5199.47,0,10,0,1,0,0
14186.29,5,1,1,0,0,0
12973.82,6,16,1,1,1,1
10008.68,13,19,0,0,0,0
2910.09,21,38,0,0,1,0
14191.88,0,24,1,1,0,1
14539.44,18,2,0,0,0,0
10356.86,9,29,0,0,0,0
4295.99,4,12,1,0,1,1
2871.02,13,26,0,0,0,0
8786.58,10,2,1,1,0,1
9728.22,8,26,0,1,1,1
1023.19,9,26,0,1,1,1
38.29,8,37,0,0,0,0
7528.59,7,0,1,1,1,1
12228.18,18,31,1,1,1,1
4942.12,16,35,1,0,0,0
6525.95,14,35,0,0,0,0
13486.37,23,3,1,1,0,1
10874.41,8,30,0,0,1,1
6811.77,21,38,1,1,0,1
14302.2,23,25,0,0,0,0
8097.69,8,20,1,1,0,1
11072.71,7,33,1,0,0,0
12555.41,16,27,1,0,0,0
14057.37,20,15,0,1,1,1
11316.43,1,37,0,1,0,1
10462.74,9,26,0,0,1,1
2301.88,10,8,1,0,0,0
7851.75,0,1,0,1,0,0
5454.05,23,30,1,1,1,1
1039.85,10,28,1,1,0,0
11132.29,5,6,1,0,0,1
1696.49,18,26,0,1,1,1
7804.93,18,3,0,1,1,1
3726.55,2,6,1,1,1,1
9383.43,9,40,1,0,0,0
2951.58,4,3,0,0,1,1
8057.74,1,17,0,1,1,1
4990.25,16,2,1,0,0,0
9774.72,9,34,1,1,0,1
12199.46,20,13,0,0,1,1
8760.04,19,11,0,1,1,1
3924.28,8,0,1,1,0,1
3754.75,21,20,0,1,1,1
2293.52,5,26,0,0,1,0
2655.41,1,14,0,0,0,0
2441.5,18,0,1,1,0,1
12238.44,16,28,1,1,1,1
14202.37,4,27,1,1,0,1
6043.48,12,18,1,0,0,0
6204.0,0,15,0,1,0,0
6332.91,20,5,1,1,1,1
12292.23,21,15,1,0,0,1
510.94,1,10,0,0,0,0
11988.45,23,10,0,0,0,0
14929.75,4,36,0,1,1,1
13702.82,6,1,1,0,0,0
9681.87,1,10,0,0,0,0
4386.84,8,20,0,0,1,0
2418.81,16,37,1,0,1,1
9887.94,20,8,0,1,0,0
11229.75,2,0,1,0,0,1
2483.53,23,5,1,1,1,1
7407.84,16,0,0,1,0,0
14384.54,1,35,0,0,1,1
4111.28,0,10,0,1,1,1
6244.19,15,23,1,1,1,1
3409.24,2,31,0,1,0,0
7670.66,2,7,0,0,1,1
12318.59,17,8,0,0,0,0
6448.56,8,6,0,1,0,0
3911.67,12,31,1,0,0,0
4157.75,9,20,0,1,1,1
5955.98,1,12,0,0,1,1
123.09,23,5,0,0,0,0
10985.16,5,24,0,0,0,0
5841.19,9,4,0,0,0,0
6551.85,3,21,1,0,0,1
14132.08,20,2,1,1,0,1
2519.78,7,15,0,0,0,0
8488.6,18,20,0,1,1,1
9519.86,23,2,0,0,1,1
8937.5,13,13,0,0,0,0
12361.04,19,36,1,0,1,1
602.51,6,9,1,1,0,0
13303.6,19,17,0,1,0,1
4064.41,3,19,0,1,0,0
9353.46,16,2,0,1,0,1
9116.03,20,0,1,1,1,1
13207.73,7,35,1,0,0,0
13776.38,23,6,1,0,1,1
4022.75,14,28,0,0,0,0
4889.99,6,3,1,0,1,1
7791.1,0,9,0,0,0,0
496.59,7,21,1,0,0,0
12940.55,11,39,1,0,1,1
711.88,21,20,1,1,0,0
4088.8,11,2,0,1,0,0
13044.12,16,39,1,0,0,1
8658.86,12,2,1,1,0,1
13005.03,19,2,0,0,1,1
3365.91,20,1,0,1,0,0
5998.19,3,16,0,0,0,0
4565.66,4,34,0,1,0,0
2450.36,20,21,1,1,1,1
3941.57,21,22,0,1,1,1
218.83,5,29,0,0,1,0
9888.19,22,39,1,1,0,1
5813.28,2,16,1,1,1,1
1752.37,5,18,1,1,0,0
5719.1,2,33,0,0,1,1
4786.89,5,5,1,1,1,1
9795.55,10,16,1,1,1,1
7493.22,13,11,0,1,1,1
14380.38,20,4,0,0,0,0
178.22,17,5,1,1,1,1
2493.24,18,28,0,0,1,0
5025.09,4,0,1,1,1,1
1222.2,9,9,0,1,1,1
1619.61,18,22,1,1,1,1
7274.72,13,30,0,1,0,0
1346.25,6,12,0,1,0,0
11362.05,11,5,1,0,1,1
3397.54,19,23,1,1,1,1
830.62,23,8,0,1,0,0
1151.32,20,11,0,0,1,0
9708.27,8,19,0,0,1,1
2606.24,1,20,1,0,1,1
1477.43,6,15,0,0,1,0
9065.55,18,2,0,1,1,1
7337.66,3,30,0,0,0,0
1737.99,19,11,0,1,0,0
6108.46,21,19,1,1,0,1
5782.79,13,12,1,0,0,0
7363.5,4,21,1,1,1,1
2390.86,22,16,1,1,0,0
2072.21,21,13,0,0,0,0
3342.41,9,12,0,0,0,0
10552.97,0,34,0,0,0,0
4474.07,3,7,0,1,0,0
9773.04,3,32,0,1,1,1
14394.56,23,24,1,1,0,1
4015.61,5,19,0,1,1,1
5270.39,1,34,1,0,0,0
5084.36,4,20,1,1,0,1
14564.14,7,7,0,1,1,1
4241.27,12,15,1,1,0,0
8904.28,9,31,0,1,0,0
2787.21,10,3,0,0,0,0
5253.26,5,24,1,1,0,1
9400.93,3,5,1,0,1,1
14084.43,1,32,1,0,1,1
3512.66,9,6,0,1,0,0
13377.94,14,24,1,1,0,1
9384.74,20,31,0,1,0,1
14086.56,14,39,0,0,0,0
12959.56,22,8,1,1,1,1
12555.86,23,26,0,0,1,1
4681.7,10,6,1,0,0,0
7820.2,22,32,1,1,0,1
6603.38,12,34,0,0,0,0
12878.34,14,9,0,1,0,0
9612.85,2,34,0,0,0,0
9140.7,19,5,0,0,0,0
6485.49,6,1,1,0,1,1
315.76,17,1,0,1,1,1
14872.5,16,22,1,1,0,1
824.37,4,38,1,1,1,1
3609.16,5,38,1,0,1,1
3852.78,11,30,0,1,0,0
11862.8,5,34,1,0,0,0
1182.76,0,34,1,0,0,0
2413.42,18,40,0,0,1,0
241.41,19,5,0,0,0,0
954.67,17,8,0,0,1,0
6584.4,3,32,1,1,0,1
7157.12,15,10,0,0,1,0
676.56,3,16,0,1,0,0
8906.91,5,7,0,0,1,1
3486.51,23,15,0,1,1,1
14426.43,8,21,0,0,1,1
11805.69,0,36,1,1,0,1
5267.19,21,0,1,1,0,1
402.78,20,20,1,0,0,0
1276.47,9,37,1,1,1,1
1671.11,9,34,1,1,1,1
654.16,11,32,1,1,0,0
235.56,21,13,0,1,1,1
14771.41,6,16,0,1,1,1
2247.98,18,31,1,0,0,0
4303.89,3,21,0,1,1,1
2299.28,7,39,1,1,0,0
847.36,13,38,0,1,1,1
11979.72,0,37,0,0,0,0
11935.16,10,12,1,0,1,1
5231.8,23,4,0,0,0,0
5589.05,18,26,0,0,0,0
12312.62,13,22,0,0,0,0
2065.97,3,25,1,0,0,0
537.33,0,5,1,1,0,1
7139.08,16,7,1,1,0,1
6602.86,20,8,0,1,1,1
9402.37,7,26,1,1,1,1
10013.03,15,30,0,0,0,0
7019.22,9,26,0,1,1,1
1528.88,20,29,1,0,1,1
10702.3,14,27,1,0,1,1
11310.49,3,7,1,0,0,1
13853.13,3,13,0,0,0,0
6218.15,20,38,1,0,1,1
10453.02,17,0,0,0,0,0
1971.83,16,8,0,0,0,0
9943.0,3,31,1,1,0,1
6456.89,8,5,1,1,0,1
610.45,5,10,0,1,0,0
742.26,21,4,1,1,1,1
10804.24,9,0,0,0,1,1
4858.44,16,27,1,0,1,1
4024.88,8,15,0,0,0,0
7456.13,1,23,0,0,1,1
1061.78,19,8,0,1,0,0
12275.63,22,9,1,1,1,1
5771.15,12,1,0,1,1,1
13998.31,3,30,0,1,0,1
2710.72,2,37,0,1,1,1
4359.61,2,3,1,0,0,0
9647.57,17,15,0,1,0,0
13680.84,22,16,0,0,0,0
969.57,13,31,1,1,0,0
5601.3,20,0,0,0,1,1
13365.02,0,10,1,1,0,1
12294.96,19,11,0,0,1,1
3681.56,9,31,0,1,0,0
3026.7,19,26,1,1,0,0
12089.84,0,10,1,1,1,1
4453.62,13,34,1,0,0,0
6337.06,20,24,0,0,0,0
10719.71,16,18,1,0,0,0
9859.06,9,2,0,0,0,0
8373.63,10,32,0,1,0,0
13384.65,17,19,0,0,1,1
6262.33,20,35,1,0,0,0
7690.6,11,19,1,0,1,1
5119.92,6,11,0,0,1,1
1248.07,17,16,0,1,1,1
4673.34,23,35,1,1,0,1
13860.07,17,32,0,1,1,1
13642.05,17,31,0,0,1,1
4540.06,2,33,1,1,0,1
12967.29,4,3,1,1,0,1
13062.96,21,6,1,0,1,1
5428.04,18,9,0,1,0,0
12297.17,17,32,0,0,1,1
14386.54,7,6,0,0,0,0
7391.42,19,35,1,0,1,1
7460.04,22,1,0,0,0,0
7624.63,10,39,0,1,1,1
1956.17,12,19,0,0,0,0
9114.92,10,15,0,0,0,0
10528.83,19,30,0,1,0,0
3013.12,21,27,1,1,1,1
10277.39,7,37,0,1,1,1
11001.88,22,34,1,0,1,1
14579.75,3,38,0,1,1,1
9990.4,12,33,1,0,0,0
8931.65,15,24,1,0,1,1
5794.74,19,1,1,0,0,0
8568.3,21,4,0,1,1,1
6387.2,12,2,1,1,0,1
14323.98,10,25,1,1,0,1
3792.65,12,8,0,0,0,0
12522.27,23,10,0,0,1,1
2040.31,15,35,1,0,0,0
3610.38,3,5,1,0,1,1
8194.65,8,14,0,1,0,1
7125.49,20,28,1,0,1,1
14929.83,16,13,0,1,0,0
14478.87,22,11,0,0,1,1
13608.63,11,17,1,1,0,1
13211.29,13,27,0,0,1,1
8487.82,19,34,0,0,0,0
14125.78,23,37,1,1,0,1
9293.17,4,39,1,1,1,1
2535.48,6,7,1,1,1,1
5000.91,2,4,1,1,0,1
3811.58,9,11,1,0,0,0
6286.85,18,26,1,1,1,1
6172.2,7,8,1,1,0,1
2998.88,12,14,1,1,1,1
6967.01,7,24,1,0,1,1
14342.69,10,25,0,0,0,0
13685.48,7,16,1,0,1,1
13270.45,5,19,0,1,0,1
8931.06,13,19,0,1,0,0
5284.55,1,24,0,0,0,0
298.27,12,8,0,1,0,0
14401.47,16,1,0,1,0,0
2009.92,23,36,0,1,0,0
11114.64,6,9,0,1,1,1
2378.35,1,17,0,0,0,0
9182.45,5,18,0,0,1,1
9247.96,10,14,1,0,1,1
9472.85,9,35,1,0,0,0
8858.56,5,10,0,0,0,0
6103.2,5,0,1,0,1,1
2993.37,8,40,0,1,1,1
11821.1,2,17,1,0,0,1
5790.47,0,18,1,1,1,1
322.42,16,35,1,0,1,1
4003.16,4,14,0,0,0,0
7298.53,15,3,0,1,1,1
10859.54,5,15,0,1,1,1
10977.94,17,18,0,1,0,0
7197.88,19,19,1,1,1,1
4410.07,7,13,0,0,1,0
866.18,20,39,1,0,1,1
12822.52,10,15,1,0,1,1
3971.02,10,15,1,0,1,1
945.01,15,8,0,1,1,1
14703.56,10,3,1,1,0,1
13995.15,7,35,1,1,1,1
9689.78,8,40,1,1,0,1
14549.53,6,8,1,0,0,1
6016.59,0,6,0,1,1,1
13674.87,10,2,1,0,1,1
11699.68,23,11,1,1,1,1
12446.72,13,15,1,0,1,1
1344.01,12,28,1,0,0,0
11902.33,11,9,1,0,0,0
423.31,8,31,0,0,0,0
12056.08,1,7,1,0,0,1
14974.29,8,15,0,1,1,1
7294.02,13,32,0,0,0,0
11322.0,11,13,1,0,0,0
10725.44,20,26,0,0,1,1
11590.87,15,30,1,0,1,1
7272.71,17,0,0,1,1,1
2325.44,2,11,0,1,0,0
10524.42,10,7,1,1,0,1
9308.12,4,9,0,0,0,0
207.71,8,28,1,1,0,1
10672.09,2,26,1,1,0,1
13051.48,23,9,0,1,0,0
11278.75,6,17,0,1,0,0
10228.88,6,31,1,1,0,1
12135.53,12,34,1,1,1,1
12565.19,11,7,1,1,0,1
11780.77,10,0,1,1,0,1
8839.44,19,14,0,0,1,1
14678.01,18,9,0,0,0,0
1481.34,11,25,0,1,0,0
13721.46,4,36,0,0,0,0
468.93,17,22,0,1,0,0
3420.98,4,29,1,1,0,1
3859.22,11,26,1,1,0,0
3293.26,14,4,1,1,0,0
12124.63,2,34,1,0,0,1
1456.44,9,11,1,1,0,0
1476.29,16,2,1,1,0,0
9771.07,14,32,1,1,1,1
1446.52,21,19,1,0,1,1
2437.14,21,16,0,1,0,0
13259.42,16,28,0,1,1,1
107.04,10,22,1,1,1,1
12350.39,21,21,1,0,0,0
1203.83,2,15,1,1,0,1
12606.23,5,11,1,0,1,1
2465.02,6,24,0,1,1,1
5727.9,16,22,0,1,0,0
10849.37,21,2,1,1,1,1
1515.04,18,40,1,0,1,1
9735.15,18,32,0,1,0,0
12285.01,23,9,0,0,1,1
5550.22,0,27,1,0,0,0
10490.86,6,5,1,0,1,1
10547.82,16,25,1,1,1,1
4594.34,4,1,0,0,0,0
6103.06,19,16,1,1,1,1
13547.52,16,9,1,0,1,1
13090.48,13,7,0,0,0,0
11702.05,18,6,0,1,1,1
13307.53,12,40,1,1,0,1
14251.15,4,19,1,0,1,1
1825.26,19,39,0,0,0,0
11343.59,0,12,0,1,0,1
5693.96,13,24,1,0,0,0
3125.28,4,35,0,0,1,0
6807.91,21,25,1,1,0,1
8962.65,18,33,1,0,1,1
3554.86,9,4,0,0,0,0
13445.02,23,12,1,0,0,0
11160.0,2,25,1,0,1,1
1198.51,18,19,0,0,1,0
5624.7,9,25,0,0,1,0
14353.18,5,15,0,0,1,1
11528.42,15,34,1,0,0,1
6482.99,9,11,0,0,1,1
4285.08,6,5,1,1,0,1
13056.65,15,36,0,1,0,1
2340.06,13,4,1,0,1,1
4558.14,1,28,1,1,1,1
13504.01,22,14,1,0,0,0
48.27,18,5,1,0,1,1
8350.25,2,22,0,1,1,1
5079.84,5,24,1,1,1,1
2085.62,15,31,1,0,1,1
6236.82,17,3,0,1,0,0
5292.61,5,1,0,0,1,0
11612.87,22,15,0,1,0,1
136.15,4,33,0,0,0,0
14224.0,8,17,1,1,1,1
7581.08,21,1,0,0,1,0
13815.9,1,8,0,0,0,0
13193.56,20,31,1,0,0,0
5970.3,16,39,1,1,0,1
2734.21,9,38,0,0,1,0
2527.82,3,27,1,1,1,1
2704.25,3,28,1,1,1,1
5966.42,11,30,1,0,0,0
2496.64,12,2,0,0,0,0
6095.14,4,40,0,0,1,1
2364.5,4,1,0,1,1,1
3410.22,18,40,1,1,0,0
3760.81,5,40,0,0,1,0
10364.24,19,24,0,1,1,1
8671.83,12,20,0,1,1,1
4379.69,3,6,0,1,1,1
1772.45,18,8,1,1,0,1
108.02,19,18,1,1,1,1
9390.98,13,12,1,0,0,0
9655.88,5,3,0,1,1,1
10273.73,7,24,1,1,1,1
11254.48,17,21,0,1,1,1
1939.54,5,32,1,0,0,0
1289.89,23,16,1,0,1,1
6300.49,2,34,0,0,1,1
4724.28,0,4,1,1,0,1
12620.54,0,4,0,1,0,1
13314.23,1,3,0,0,1,1
1209.95,2,40,0,1,1,1
4705.47,12,26,0,0,1,0
9678.52,18,22,0,1,1,1
4014.88,9,30,0,1,1,1
11448.25,3,25,0,0,0,0
3098.77,11,7,0,0,0,0
3389.03,6,5,0,1,0,0
8479.92,8,12,1,1,0,1
6431.82,9,28,1,1,0,1
4217.2,7,5,0,0,1,0
676.77,17,39,1,0,0,0
9416.68,9,1,1,0,1,1
14882.14,12,3,1,1,1,1
12841.1,3,39,0,1,0,1
5141.46,14,38,1,1,1,1
12025.14,6,32,0,1,1,1
2112.73,19,11,0,1,1,1
4113.36,23,6,1,1,0,1
11711.07,10,5,1,1,0,1
8486.48,1,3,1,1,1,1
10487.04,17,40,1,1,1,1
10634.39,7,21,0,0,1,1
7507.24,1,3,0,1,1,1
10685.0,6,8,0,0,0,0
2582.63,20,18,1,1,0,0
8600.79,13,34,1,1,0,1
1228.82,8,6,1,1,1,1
12698.8,7,31,1,1,1,1
5241.57,6,18,1,1,0,1
3825.58,3,25,1,0,1,1
3672.77,11,13,0,1,0,0
8966.75,22,13,0,1,1,1
2893.11,9,27,0,0,0,0
14506.3,20,19,0,0,1,1
1784.4,2,5,1,0,0,0
4311.3,9,35,1,0,1,1
5177.53,17,35,0,0,1,0
239.36,3,13,0,0,0,0
9852.46,7,14,0,0,0,0
13883.39,14,31,1,0,0,0
6783.79,10,36,1,0,0,0
1476.51,16,36,0,0,0,0
12904.56,9,12,1,0,0,0
10630.92,3,23,1,1,1,1
1606.54,12,30,0,0,1,0
3521.29,16,23,0,0,1,0
9713.84,19,13,1,1,0,1
10581.07,22,17,0,0,0,0
6168.46,21,26,1,1,0,1
13556.49,5,17,1,1,0,1
11902.29,18,27,0,0,1,1
2151.68,4,13,1,0,1,1
2491.9,7,0,1,0,1,1
10508.59,22,28,0,0,0,0
8618.99,20,32,0,0,0,0
850.57,10,18,0,0,1,0
6306.09,15,18,0,1,1,1
6119.0,20,31,1,1,1,1
9444.53,0,31,1,1,0,1
5635.63,22,35,1,0,0,0
4553.68,0,19,0,0,0,0
10629.79,20,26,1,0,1,1
6891.95,9,32,0,1,0,0
11192.73,3,5,1,0,1,1
1444.17,13,8,0,1,1,1
32.02,14,23,0,1,0,0
10785.74,11,32,0,1,0,0
8682.47,23,38,0,1,1,1
11190.81,4,34,0,1,1,1
14050.03,13,36,0,1,1,1
12692.65,12,9,1,1,0,1
1127.71,6,25,0,0,1,0
62.93,16,29,1,1,1,1
12900.56,20,6,1,0,0,0
14704.57,7,12,0,0,0,0
435.19,20,31,1,0,0,0
539.74,14,37,0,1,0,0
5467.84,11,35,1,1,1,1
12997.71,11,23,1,1,1,1
1910.89,2,26,0,0,1,0
12780.72,6,17,1,0,0,0
6729.9,5,27,1,1,0,1
14672.69,12,28,0,0,0,0
7562.58,22,12,1,0,0,0
14860.18,23,5,1,0,1,1
8634.36,20,36,1,0,0,1
9126.91,17,17,0,1,0,0
11544.95,1,28,0,0,0,0
5469.91,6,3,1,1,1,1
484.99,6,22,1,0,1,1
12023.81,13,33,1,0,1,1
4594.84,9,2,1,1,0,0
7095.31,10,19,1,1,1,1
9597.24,8,13,1,0,1,1
1951.44,5,18,0,1,0,0
10365.95,20,0,0,0,0,0
10429.22,1,39,1,1,1,1
10757.2,15,31,1,0,0,0
13291.73,0,32,1,1,1,1
4333.79,17,34,0,0,0,0
1229.34,19,3,0,0,1,0
14316.74,6,10,1,1,1,1
7532.38,8,33,0,0,1,0
13909.19,9,5,1,0,0,1
373.53,7,8,1,1,1,1
10981.99,13,26,0,0,0,0
1029.38,21,37,0,1,0,0
10408.04,20,12,1,1,0,1
1369.17,3,35,0,1,1,1
4281.47,5,31,1,1,1,1
12656.23,12,16,0,0,0,0
11420.24,11,33,0,1,1,1
8218.98,22,18,1,1,1,1
3887.65,10,17,0,1,1,1
6122.13,6,33,0,0,0,0
4254.56,16,33,1,1,0,1
11009.88,6,27,0,0,0,0
14246.32,14,3,1,0,1,1
9890.2,0,14,1,1,1,1
816.16,2,9,0,0,0,0
3748.19,7,14,1,0,1,1
13402.56,15,13,0,0,0,0
5744.5,1,3,0,1,1,1
1644.12,22,2,1,1,1,1
13267.83,22,33,0,1,1,1
3639.32,16,23,0,0,0,0
12929.61,3,4,1,1,0,1
7534.6,10,33,1,0,0,0
2160.99,10,5,1,1,0,0
14872.88,1,34,1,0,1,1
3189.03,19,0,0,1,0,0
2550.86,5,36,0,1,1,1
14246.49,14,1,1,1,0,1
1595.55,3,40,0,1,0,0
1116.41,12,17,0,0,0,0
5087.78,10,30,1,0,1,1
4879.52,4,22,0,1,1,1
6374.83,3,38,1,1,0,1
5329.3,12,39,0,0,0,0
2687.05,6,38,1,0,0,0
5364.24,5,24,1,1,1,1
3252.83,6,9,1,1,0,0
5749.2,17,0,1,1,1,1
6618.41,9,39,0,1,1,1
1361.86,17,12,0,1,0,0
6382.48,1,29,1,0,0,1
4453.64,17,14,0,1,0,0
8646.65,10,3,0,0,0,0
10825.36,5,31,1,1,0,1
8224.3,1,15,0,1,0,1
12458.12,22,25,0,1,1,1
6047.64,23,29,1,0,0,0
9084.17,1,12,1,0,1,1
7482.43,21,12,1,0,1,1
1839.93,21,38,1,0,0,0
1153.87,2,40,1,0,1,1
8033.63,4,5,1,1,1,1
14825.83,13,21,1,1,0,1
46.83,14,17,1,0,1,1
7928.2,9,9,0,0,0,0
11335.18,5,4,1,1,1,1
9584.67,7,40,0,1,0,0
14445.72,4,6,1,1,0,1
1729.25,17,1,1,0,1,1
2475.37,20,2,0,0,0,0
11361.86,23,0,1,1,0,1
11761.88,23,37,1,0,1,1
4557.27,23,38,1,1,0,0
7555.36,11,2,1,0,1,1
12319.15,16,27,1,0,0,1
8043.72,16,5,0,1,1,1
8813.87,15,8,0,0,1,1
2749.38,20,18,1,0,1,1
5950.54,11,14,1,0,1,1
14654.14,5,40,1,0,1,1
5896.44,7,10,0,1,1,1
2189.02,8,22,1,0,1,1
14809.19,16,26,1,0,1,1
724.75,9,33,1,1,0,0
13362.78,22,1,0,0,0,0
401.83,20,27,1,0,1,1
3837.94,14,26,0,0,1,0
13315.2,10,30,1,0,0,1
2796.88,16,32,0,0,0,0
10006.88,21,40,1,0,1,1
2870.01,20,28,1,1,1,1
12065.87,13,35,0,0,0,0
3750.52,15,20,1,0,0,0
9091.3,5,11,0,1,0,1
1059.12,17,24,0,0,0,0
9011.78,7,8,1,1,1,1
7319.45,20,34,1,1,1,1
1580.03,14,12,1,0,1,1
7855.04,21,33,1,0,1,1
11808.55,19,9,0,1,1,1
11576.79,3,32,0,1,0,1
7404.9,3,36,0,0,0,0
976.39,13,12,1,1,1,1
11618.02,18,20,1,1,1,1
242.65,2,34,1,0,1,1
9883.59,3,19,1,0,0,1
13758.58,22,14,0,0,1,1
8022.41,5,25,1,1,1,1
11.29,17,24,1,1,1,1
8416.39,15,24,0,0,1,1
52.51,21,37,0,1,0,0
3346.95,21,30,0,1,1,1
14680.59,16,5,1,1,0,1
4521.63,8,32,0,0,0,0
11327.08,13,18,0,0,0,0
6568.52,5,6,0,0,0,0
10320.35,8,30,1,0,1,1
11802.81,4,21,1,0,1,1
14540.01,15,28,1,0,0,0
5858.66,15,6,0,0,1,1
4770.25,0,35,1,1,1,1
9666.33,20,31,1,0,0,0
6608.89,16,4,1,1,0,1
14309.06,8,30,1,1,1,1
2079.83,17,33,0,1,0,0
3026.28,2,8,1,1,0,1
13945.55,16,8,0,0,0,0
2717.41,20,2,0,1,1,1
12826.06,1,20,1,0,1,1
10352.76,6,13,1,1,0,1
6757.23,0,14,0,0,0,0
2261.25,14,40,1,1,1,1
3862.61,13,22,1,1,0,0
10291.24,4,21,0,0,1,1
6774.75,20,2,1,0,1,1
10456.91,13,5,1,0,1,1
1884.34,16,12,1,1,1,1
14412.64,21,28,0,0,0,0
3293.75,0,8,1,0,0,0
5902.98,9,7,0,0,0,0
2537.92,7,11,0,0,1,0
1626.6,7,14,1,0,0,0
11879.71,9,11,1,0,0,0
3697.11,6,27,0,1,1,1
9015.43,23,9,1,1,1,1
30.51,10,33,0,1,0,0
14613.54,20,16,1,0,1,1
3904.43,18,14,1,1,1,1
3420.72,12,7,0,1,1,1
10422.73,18,22,1,0,0,0
11474.29,6,35,1,1,0,1
4645.01,10,39,0,1,0,0
8761.4,3,21,1,0,1,1
10020.8,21,6,1,1,0,1
9247.38,11,15,1,1,1,1
983.89,17,28,0,0,1,0
10973.22,9,30,0,1,0,0
13445.12,2,11,1,0,0,1
1791.99,9,26,1,1,0,0
4353.94,12,7,0,1,0,0
11515.58,9,6,1,1,0,1
12011.88,8,3,1,1,1,1
2724.51,21,20,0,0,1,0
11010.87,0,8,0,0,0,0
8395.15,14,3,0,1,0,0
14520.59,22,40,1,1,1,1
8589.79,14,13,0,0,0,0
525.02,19,30,1,0,0,0
8868.75,0,21,1,1,0,1
7433.33,17,23,1,0,1,1
5777.41,7,11,1,0,0,0
9726.05,2,30,0,1,1,1
3825.47,19,12,0,1,1,1
13542.02,17,11,1,0,0,0
5595.97,14,40,0,0,1,1
8557.55,23,9,1,0,0,0
2377.28,0,18,0,1,1,1
14560.84,3,25,1,1,1,1
12343.69,13,35,0,0,0,0
7983.8,6,32,0,1,0,0
9188.47,13,24,0,0,0,0
14505.58,5,20,0,1,1,1
954.17,5,10,0,0,0,0
12386.86,16,40,0,0,1,1
9255.18,2,27,0,0,0,0
9680.47,8,20,1,1,1,1
6983.16,15,36,1,0,1,1
11390.65,20,34,1,0,1,1
12871.77,11,32,1,1,0,1
5044.8,19,4,1,1,1,1
14297.39,21,0,1,0,0,1
2876.22,7,35,0,1,0,0
14275.24,23,30,1,0,1,1
12955.5,0,33,0,1,0,1
14319.75,23,21,1,0,1,1
7895.59,6,31,0,0,0,0
5914.08,22,34,0,1,1,1
11484.32,9,22,0,1,0,0
13889.96,12,30,0,0,1,1
6936.45,10,17,1,0,1,1
676.72,15,31,1,1,1,1
12459.29,8,18,1,1,1,1
2207.76,22,16,1,0,1,1
8657.79,19,3,1,0,1,1
14621.79,3,30,1,0,1,1
7757.83,6,30,0,0,0,0
3365.35,19,19,0,0,1,0
10952.04,13,34,1,0,1,1
5313.53,4,0,0,0,1,1
8535.12,6,13,1,1,0,1
6432.02,11,31,0,1,0,0
11896.2,1,15,0,0,0,0
13503.73,17,25,1,1,1,1
4750.57,9,19,0,0,0,0
4922.16,21,27,0,0,0,0
5561.58,3,28,0,0,1,1
13600.29,16,39,1,0,1,1
7061.8,3,31,0,1,0,0
14958.62,19,16,0,0,1,1
6669.28,6,6,0,0,1,1
8205.56,8,40,1,1,1,1
6742.39,9,2,0,1,0,0
11568.16,17,4,1,1,1,1
4007.8,15,25,0,0,0,0
10329.69,5,39,0,0,1,1
3010.05,14,35,0,1,1,1
11665.16,12,4,0,1,0,0
4775.34,20,8,1,0,0,0
6965.4,16,13,0,0,1,1
412.61,16,37,0,1,0,0
8656.67,3,8,1,1,1,1
10070.98,19,10,0,1,0,1
9073.64,5,16,1,0,0,0
9103.85,4,36,1,0,1,1
12948.22,2,13,0,0,1,1
11059.83,14,28,1,0,0,0
14898.07,23,3,0,1,0,0
7337.8,23,3,0,1,1,1
10119.73,13,32,1,0,1,1
12099.5,23,16,1,1,0,1
1983.99,4,13,0,1,1,1
7001.07,10,18,1,1,1,1
13362.48,16,24,1,0,0,0
2273.73,19,23,1,0,0,0
14900.02,23,20,0,0,0,0
13119.0,4,18,1,1,0,1
12767.45,13,38,0,1,1,1
10360.09,19,9,1,0,1,1
6735.7,8,12,0,1,1,1
6955.27,12,18,0,1,1,1
10654.84,12,33,0,1,0,1
4184.71,21,9,0,0,0,0
10346.78,21,21,1,1,0,1
4805.99,14,25,1,0,1,1
6133.83,3,37,1,0,1,1
4412.87,19,3,1,0,0,0
11306.6,8,12,0,1,1,1
12234.05,16,28,0,0,1,1
2475.5,10,8,0,0,1,0
1569.53,11,37,1,0,1,1
10266.29,15,33,1,0,1,1
6849.76,5,11,0,0,1,1
217.92,23,16,0,1,0,0
531.56,13,37,1,1,1,1
11214.18,8,7,0,1,0,0
7054.83,9,16,1,0,0,0
12818.76,0,9,0,1,0,1
6497.21,5,30,1,0,1,1
1098.87,4,24,1,0,0,0
2398.32,23,8,0,0,1,0
3864.21,20,36,1,1,1,1
7193.17,16,39,1,0,1,1
14456.9,11,31,0,1,1,1
11066.79,9,20,1,0,1,1
1599.8,18,5,0,0,0,0
6715.17,8,25,0,1,1,1
12150.32,21,27,1,1,0,1
11943.1,3,2,0,1,0,1
10938.62,3,8,1,1,0,1
5952.78,5,23,1,0,0,0
12550.12,22,5,0,0,1,1
2247.94,5,10,1,0,0,0
13436.67,18,32,0,1,0,0
5199.5,19,23,0,1,1,1
3668.04,19,13,0,1,0,0
11159.7,23,2,1,1,1,1
12288.39,12,14,0,0,1,1
526.92,20,13,0,0,1,0
199.51,17,9,1,1,1,1
12942.31,9,33,1,1,1,1
720.33,3,23,0,1,1,1
4070.86,23,16,0,0,0,0
8913.43,7,3,0,1,1,1
1870.63,11,9,0,1,0,0
10983.97,5,38,0,0,1,1
3704.06,7,6,1,0,1,1
8688.1,11,9,0,0,1,1
3318.96,18,4,1,0,0,0
1921.33,14,38,0,1,0,0
8901.32,6,6,0,1,0,0
1910.82,11,11,1,0,1,1
12929.18,22,39,0,0,1,1
11386.21,6,3,1,0,0,0
7393.0,2,2,1,1,1,1
11851.87,13,24,1,1,0,1
4252.45,17,31,1,1,0,0
1903.08,16,26,0,0,1,0
1245.59,16,25,0,0,1,0
1082.18,19,33,0,1,1,1
6565.09,22,40,1,1,1,1
10090.22,17,24,0,1,0,0
10777.89,5,12,0,0,0,0
5054.72,12,10,0,1,0,0
1041.66,11,17,1,1,0,0
3679.98,7,6,1,0,1,1
1445.24,4,15,1,0,1,1
1388.31,6,1,0,0,0,0
10047.91,22,25,1,1,0,1
6752.17,22,9,0,0,0,0
13504.68,3,5,1,0,1,1
5884.36,17,31,1,0,0,0
4012.82,19,11,1,1,1,1
9817.78,20,17,1,1,0,1
9202.24,20,27,1,0,0,0
6682.26,11,28,0,1,1,1
11830.0,4,32,0,0,0,0
9282.68,8,13,1,0,1,1
7260.2,9,11,0,1,0,0
6341.22,8,17,0,1,1,1
5216.1,22,27,0,1,1,1
2366.83,11,29,1,0,1,1
12188.42,18,37,0,0,1,1
3047.15,18,16,1,0,1,1
13209.26,9,25,1,0,0,0
9653.53,17,32,0,1,1,1
225.07,11,2,0,1,0,0
1261.2,11,27,1,1,0,0
8127.38,6,4,1,0,1,1
12513.44,6,7,0,0,0,0
9614.09,15,15,0,0,0,0
6372.49,19,5,1,0,1,1
3576.19,2,35,0,1,1,1
492.63,21,17,1,1,1,1
4088.56,22,35,1,1,1,1
7259.89,12,21,0,1,0,0
4425.53,23,12,1,1,0,0
7203.66,10,3,0,0,1,1
12873.59,5,32,1,1,0,1
3728.49,18,32,1,0,1,1
8103.91,6,38,0,0,0,0
8444.6,3,36,1,0,1,1
4849.07,20,4,0,1,0,0
3211.39,5,23,1,0,1,1
11599.38,7,4,0,0,1,1
11077.52,5,27,1,1,0,1
10381.18,8,39,0,0,1,1
11171.49,0,19,1,1,1,1
6532.2,3,6,1,0,0,0
9894.98,4,10,0,0,1,1
8561.57,15,6,1,1,0,1
7402.73,15,27,1,1,0,1
427.99,9,16,0,0,0,0
9780.08,18,28,1,1,1,1
9822.99,10,7,1,1,0,1
2327.96,4,5,1,0,0,0
2873.09,8,32,0,0,1,0
14337.43,7,14,0,0,0,0
6471.51,18,19,0,1,1,1
9285.24,18,10,1,0,0,0
11270.91,9,25,1,1,0,1
6189.68,9,10,1,1,1,1
5432.47,11,10,0,0,1,0
6455.19,1,32,0,0,0,0
6289.23,22,34,0,0,1,0
5715.59,23,1,1,1,1,1
7169.53,19,2,0,0,0,0
3922.86,20,10,1,1,0,0
13675.3,7,11,1,1,0,1
6282.58,3,39,0,1,1,1
7510.73,20,14,1,1,0,1
13628.03,17,39,0,1,0,0
4409.62,23,10,0,0,0,0
11784.89,22,19,0,0,0,0
6034.8,2,27,1,0,1,1
10736.1,2,36,1,0,1,1
2374.03,2,26,1,0,1,1
10535.12,16,28,0,0,1,1
8134.73,23,27,0,0,0,0
8634.81,9,36,0,1,1,1
391.6,1,40,0,0,1,0
1744.19,22,2,1,0,1,1
11150.85,21,21,0,0,0,0
8408.67,17,34,0,0,1,1
1865.65,16,2,1,1,1,1
9273.41,20,0,0,1,1,1
11716.68,4,1,0,1,0,1
7298.41,13,0,1,0,1,1
13251.17,17,31,1,0,0,0
1072.77,8,36,1,0,0,0
2395.26,6,40,1,0,0,0
12503.44,19,35,1,0,0,1
478.66,20,2,0,1,1,1
3360.89,14,35,0,0,0,0
2070.57,13,18,0,1,1,1
7209.13,19,39,1,1,1,1
3734.25,13,35,1,1,1,1
12693.47,4,5,0,1,0,1
8160.38,21,19,0,1,1,1
556.6,16,11,1,1,1,1
12283.88,3,28,1,0,0,1
11243.09,12,2,1,0,0,0
2626.18,20,22,1,1,1,1
467.29,12,20,1,0,0,0
9883.59,17,40,0,0,1,1
446.65,15,16,1,1,0,0
4491.79,10,0,0,1,1,1
6615.28,20,13,1,0,0,0
11551.12,8,38,0,0,1,1
10947.89,12,5,1,1,1,1
3182.37,23,27,0,1,1,1
767.34,9,34,1,0,1,1
5815.36,3,40,0,1,1,1
14118.73,23,20,1,0,0,1
9777.81,1,3,0,0,0,0
12932.61,20,38,1,1,1,1
11002.4,1,24,0,1,1,1
9113.81,18,9,1,1,0,1
5999.42,15,23,0,0,0,0
431.73,17,29,1,1,0,0
12554.49,5,4,1,0,0,0
3299.17,3,11,1,1,1,1
3838.58,1,32,1,0,0,0
11809.71,5,36,1,1,1,1
6329.51,11,38,1,1,1,1
4740.48,22,14,1,0,1,1
8204.57,14,22,1,0,0,0
2301.28,4,31,0,1,0,0
9456.35,1,22,0,1,0,1
260.16,15,31,0,1,0,0
11396.89,11,22,0,1,0,0
9904.01,12,31,1,0,0,1
7558.53,17,30,1,0,1,1
1305.72,13,10,0,1,1,1
14628.03,16,34,1,0,0,0
6935.55,1,11,0,1,0,0
6596.36,15,3,0,1,0,0
4756.57,16,37,1,1,0,0
9091.71,7,37,1,0,1,1
9210.38,4,38,1,0,0,1
9742.49,19,13,1,0,0,1
9428.71,15,6,1,0,0,1
11979.85,2,27,1,1,0,1
10158.13,3,12,0,1,0,1
11181.52,21,13,0,1,1,1
7704.15,19,8,0,1,1,1
6310.67,16,6,0,1,1,1
6614.07,23,37,0,0,0,0
9911.98,5,3,0,0,1,1
10485.48,14,17,1,1,1,1
11587.12,23,3,0,0,0,0
1814.87,20,19,0,1,0,0
6220.2,12,16,0,0,0,0
6898.04,13,39,1,0,1,1
1327.91,4,35,1,0,1,1
12006.71,12,11,1,0,1,1
12696.68,10,2,0,0,1,1
11444.84,19,26,1,0,1,1
2246.85,12,18,1,0,0,0
105.36,8,9,1,1,0,0
12097.22,14,4,0,0,0,0
4747.01,4,4,0,1,1,1
3032.88,11,21,1,0,1,1
6453.02,22,33,0,0,1,0
6869.81,6,35,1,1,0,1
4013.7,20,9,0,0,1,0
3804.68,21,36,1,0,0,0
9351.21,11,5,0,1,0,0
4372.43,13,0,0,1,0,0
6018.85,14,38,1,0,1,1
4099.52,6,40,1,0,0,0
9698.57,7,23,1,0,1,1
10081.86,7,11,0,1,1,1
605.58,12,18,0,1,0,0
8826.2,8,19,1,0,0,0
5333.85,10,39,1,0,1,1
12588.08,8,15,0,1,0,0
8236.26,2,5,0,1,1,1
13488.13,16,16,1,1,0,1
7135.75,14,1,1,0,0,0
14792.16,1,13,1,0,0,1
8088.82,18,35,0,0,0,0
7548.85,21,5,1,1,0,1
5565.0,17,28,0,0,1,0
9869.0,1,37,0,1,0,1
10303.59,21,40,1,0,0,0
11205.68,2,23,0,0,0,0
151.59,12,7,1,1,1,1
11043.8,9,25,0,0,0,0
13688.83,15,9,1,0,1,1
13092.11,2,12,1,0,1,1
6296.63,15,18,0,0,0,0
5065.5,12,15,1,1,1,1
1531.27,13,32,1,1,0,0
9034.6,7,36,1,1,1,1
14044.54,11,22,1,0,0,0
10134.61,7,39,1,0,1,1
6006.8,12,12,0,0,0,0
10639.48,7,9,0,0,1,1
12580.12,18,32,0,0,0,0
7905.2,17,39,0,1,1,1
116.96,6,9,1,1,0,1
12845.22,1,2,1,1,0,1
11353.7,9,31,0,0,1,1
5451.64,22,3,1,0,1,1
12140.86,16,12,0,0,0,0
9955.58,21,21,1,0,1,1
2412.72,14,14,1,0,1,1
10727.01,22,38,0,0,1,1
13968.52,7,35,0,1,1,1
2788.8,3,32,1,1,0,1
1593.09,17,7,0,1,0,0
12159.58,2,22,1,1,1,1
13095.6,17,34,1,1,0,1
11752.06,0,8,1,1,1,1
3824.45,12,14,1,0,0,0
12902.27,12,32,0,1,1,1
8282.16,0,27,1,1,0,1
2910.73,7,31,0,0,1,0
8639.71,17,39,1,1,0,1
2681.77,12,24,0,0,1,0
9011.81,1,39,1,0,1,1
11987.55,18,26,1,0,0,0
532.22,16,26,1,1,0,0
1222.04,6,18,0,0,0,0
6086.18,22,28,0,0,1,0
1896.6,8,2,0,0,1,0
4262.34,7,29,1,0,1,1
5825.09,20,17,1,0,0,0
3595.66,18,35,0,1,1,1
12593.89,7,13,1,1,0,1
2075.16,5,40,0,0,1,0
7470.31,3,0,1,0,0,1
14399.23,16,11,0,1,0,0
5489.78,16,24,0,1,0,0
3826.98,14,31,0,1,0,0
2952.18,15,36,0,0,1,0
10402.9,17,31,0,1,0,0
3703.0,5,33,0,1,1,1
335.96,12,12,0,1,0,0
578.92,5,18,1,1,1,1
1547.28,3,13,1,1,1,1
14536.32,12,19,1,0,0,0
14811.52,4,21,0,1,0,1
13441.11,8,14,0,0,1,1
11297.38,19,18,1,0,1,1
5724.82,4,16,1,1,1,1
3433.87,6,38,0,1,1,1
11693.71,0,26,0,0,0,0
14279.54,19,17,1,0,0,1
13730.33,20,31,1,1,1,1
10094.0,7,16,1,1,0,1
14738.06,6,26,1,0,0,0
788.94,4,36,0,1,1,1
14431.39,13,36,0,1,0,0
6705.28,10,25,0,1,1,1
13237.92,19,34,0,1,0,0
6892.69,13,12,1,0,0,0
12505.14,17,40,0,1,0,1
2294.0,5,21,1,1,0,0
10779.49,19,11,0,1,0,0
13993.24,14,21,1,0,1,1
8797.31,22,34,0,0,1,1
8177.2,10,15,0,0,1,1
4806.14,2,36,0,1,0,0
743.76,22,8,1,0,0,0
12198.23,20,1,0,0,1,1
14668.85,17,27,0,0,0,0
13193.72,17,26,1,0,1,1
5373.06,16,7,1,0,1,1
14373.46,20,33,1,0,0,1
1755.75,2,32,0,0,1,0
9414.1,9,8,1,0,1,1
14842.06,19,20,1,1,1,1
4354.94,9,11,1,1,1,1
10771.93,13,37,1,1,0,1
13519.97,23,7,1,1,0,1
5663.93,18,12,0,1,1,1
4334.14,3,32,0,1,1,1
1862.25,23,23,1,0,0,0
8262.31,6,31,1,0,1,1
14677.53,23,26,0,0,0,0
10423.23,22,19,1,0,0,0
7028.73,4,39,1,0,1,1
12510.29,19,34,1,0,0,0
5067.36,6,38,1,0,1,1
11580.93,13,1,0,1,0,0
1511.18,3,17,0,0,0,0
14951.54,2,17,0,1,0,1
8262.08,7,40,0,1,0,0
12353.89,15,32,1,0,1,1
8753.79,23,13,0,1,1,1
2453.81,11,29,0,0,0,0
12952.16,13,19,0,1,0,0
13339.59,20,24,1,0,1,1
9677.6,18,26,0,1,0,0
11664.01,0,27,1,0,0,1
11466.71,13,2,1,1,1,1
8134.24,17,32,1,1,0,1
3108.55,3,2,1,1,0,1
2842.22,0,30,1,0,0,0
10689.09,2,33,0,1,0,1
13652.05,14,24,0,1,0,1
14422.82,9,35,1,1,0,1
139.38,23,2,0,0,0,0
10775.14,6,0,0,0,0,0
2887.14,10,6,0,0,1,0
13166.06,14,17,0,1,0,0
13748.67,0,4,1,1,0,1
13446.12,3,9,1,0,0,1
958.37,15,11,1,0,1,1
12573.48,17,39,1,1,0,1
1014.94,9,25,1,1,1,1
9916.64,2,21,1,0,1,1
10689.08,12,40,1,0,1,1
8042.29,22,17,0,1,1,1
4530.51,9,38,0,0,1,0
9607.46,0,27,1,0,1,1
8224.66,2,6,1,0,0,1
3838.14,14,38,1,0,0,0
568.5,10,19,0,1,1,1
5946.67,11,36,0,1,1,1
11495.66,13,16,0,0,1,1
3136.77,1,12,0,1,1,1
2382.09,5,39,1,0,1,1
13604.46,1,11,1,0,1,1
9788.11,21,14,1,1,1,1
6050.52,13,36,1,1,0,1
11677.41,22,33,1,1,1,1
11997.59,1,35,0,1,0,1
10119.3,2,16,0,1,1,1
8372.14,16,40,1,0,0,0
5134.26,12,15,0,1,0,0
4193.63,19,32,0,0,0,0
3316.3,9,33,0,0,0,0
12915.01,7,39,1,0,1,1
1028.27,10,37,1,1,0,0
14990.7,8,0,0,0,1,1
14718.63,11,31,0,1,0,1
2806.74,18,35,1,0,1,1
12784.64,13,40,1,0,1,1
1009.99,15,20,0,0,0,0
2057.48,12,16,1,1,0,1
6671.31,20,12,1,0,0,0
9781.89,17,21,0,0,1,1
11722.29,6,18,1,1,0,1
12325.72,14,20,0,1,0,0
8711.89,6,8,0,1,0,0
361.25,18,7,1,0,0,0
11246.52,4,31,0,1,0,1
4327.51,4,29,0,0,1,0
8969.8,10,34,1,0,1,1
9781.23,0,4,1,1,0,1
5567.52,14,17,1,1,0,1
13856.48,15,15,1,0,0,0
10089.36,10,35,0,1,0,0
12152.62,8,22,0,0,1,1
8026.71,5,35,1,0,1,1
7066.41,8,14,1,0,0,0
6580.03,4,5,0,1,1,1
8797.26,6,6,1,0,1,1
7134.61,9,9,1,1,0,1
6033.44,1,20,0,1,1,1
9604.28,15,27,0,0,1,1
12743.76,12,5,1,0,0,0
10278.96,6,2,0,0,1,1
1498.74,11,28,1,1,1,1
11607.9,19,20,0,0,1,1
8811.04,16,14,1,0,0,0
13819.02,1,23,0,0,0,0
10747.91,20,37,0,1,1,1
6661.32,1,7,1,0,0,1
8043.24,17,8,1,0,0,1
2194.22,8,38,1,1,0,0
9291.18,6,33,0,0,1,1
14540.37,16,29,0,1,1,1
14627.88,10,19,0,0,1,1
12208.99,20,3,1,1,1,1
13186.14,14,21,0,1,0,0
12087.41,1,11,1,1,0,1
911.42,12,14,1,1,0,0
14086.76,8,34,0,1,1,1
12144.87,2,3,1,0,0,1
12619.52,8,38,0,0,0,0
7986.29,23,23,1,1,1,1
4638.09,21,17,0,1,1,1
10341.81,5,36,1,0,1,1
8859.15,5,19,0,1,0,0
7539.37,4,39,0,0,0,0
4073.36,1,37,0,0,1,0
12941.61,8,38,1,1,1,1
7673.56,19,39,1,0,0,0
11257.93,8,40,1,0,0,1
12712.24,21,31,0,1,1,1
13045.68,8,25,1,1,1,1
5045.73,10,1,1,0,1,1
9331.29,13,35,1,0,0,0
4493.92,10,32,0,1,0,0
7968.81,7,16,0,1,0,0
11059.24,4,4,1,1,0,1
14738.46,10,0,0,0,1,1
9164.84,0,11,1,1,0,1
2841.07,13,19,0,1,1,1
13518.22,4,27,1,0,1,1
12321.48,21,24,1,0,1,1
10060.45,18,6,1,1,0,1
1095.26,9,0,1,1,0,1
8445.74,20,30,1,1,1,1
12701.68,12,22,0,0,1,1
4002.58,16,33,0,0,0,0
12462.97,15,4,0,0,1,1
5058.8,6,13,0,0,1,1
6581.25,12,30,1,1,0,1
1304.04,12,32,0,0,0,0
8845.15,18,27,0,0,0,0
12960.1,17,18,1,0,1,1
8689.5,15,12,0,0,1,1
11318.66,11,30,0,0,1,1
12958.15,19,37,0,0,0,0
9896.48,12,10,1,1,1,1
8501.19,0,6,0,0,0,0
14447.73,21,32,0,0,1,1
14421.52,0,13,1,0,1,1
13575.7,15,7,1,0,1,1
11477.45,10,37,1,0,0,1
14782.31,18,32,0,0,1,1
9212.9,9,38,1,0,1,1
13796.82,20,3,0,1,1,1
7000.83,23,9,1,0,0,0
5576.99,0,29,0,0,0,0
4358.01,4,17,1,0,1,1
4731.17,4,1,0,0,0,0
13061.89,17,13,1,1,1,1
14572.81,15,25,0,1,1,1
8412.03,6,18,1,1,1,1
13561.24,18,8,0,0,0,0
12586.0,23,11,1,0,0,0
8177.78,1,11,0,1,0,1
12829.3,22,25,0,1,1,1
5562.86,16,14,1,1,1,1
7130.82,4,28,0,0,1,1
6413.63,15,39,1,0,1,1
6945.82,7,17,1,0,1,1
680.39,10,14,0,1,0,0
13045.04,15,11,0,1,0,0
4597.84,21,36,1,1,0,1
12087.51,16,29,0,0,0,0
11619.24,17,37,0,1,1,1
9316.25,15,13,1,1,0,1
5216.89,22,17,0,1,0,0
5714.91,11,9,1,0,1,1
2005.69,11,9,0,1,0,0
4075.3,3,11,0,0,0,0
4566.23,1,26,0,0,1,0
9734.94,23,32,0,1,1,1
3792.86,7,28,0,0,0,0
4201.54,0,21,0,1,1,1
3461.69,8,3,0,0,1,0
5901.97,3,21,1,0,0,0
8526.9,19,15,0,1,1,1
6765.96,11,38,0,0,1,0
2150.68,4,13,1,1,1,1
10547.92,5,23,1,0,1,1
13329.61,23,28,1,0,0,1
1517.16,10,36,0,0,0,0
12772.94,11,2,1,0,1,1
9583.69,23,24,1,0,1,1
876.04,9,24,1,1,0,0
12379.5,21,5,1,0,1,1
6460.34,3,33,1,0,0,0
669.92,15,29,0,0,0,0
8254.87,3,4,1,0,0,1
7661.83,7,7,1,0,0,0
12852.35,19,3,0,0,0,0
2910.16,5,16,1,1,0,0
6406.14,23,40,1,0,1,1
1084.09,17,5,1,0,0,0
8484.14,7,34,1,1,1,1
12371.23,1,23,0,0,1,1
10389.56,19,28,0,1,1,1
6431.41,18,33,1,1,1,1
5264.83,15,8,1,1,0,1
3866.65,20,39,0,0,0,0
6966.87,6,37,0,0,0,0
930.36,11,22,0,0,1,0
13856.53,6,25,0,1,0,0
7286.62,12,10,1,0,0,0
12338.34,10,38,0,1,1,1
1402.83,10,9,0,0,1,0
6111.53,15,7,0,0,0,0
61.51,22,8,1,1,0,0
3928.56,17,5,0,1,0,0
13410.56,10,0,0,0,0,0
10016.43,11,2,0,0,0,0
9311.98,3,37,1,0,1,1
8856.72,9,14,0,0,0,0
10780.39,4,23,1,0,1,1
3436.93,1,32,1,0,0,0
3339.04,14,10,1,0,1,1
3025.05,14,14,1,0,1,1
14285.61,21,21,1,1,0,1
11607.43,8,20,1,1,0,1
12304.8,7,36,1,0,1,1
8517.3,6,28,0,1,1,1
13834.39,23,25,1,1,0,1
10320.21,22,32,0,0,1,1
3578.22,2,37,1,1,0,1
4493.76,15,6,1,1,0,0
14391.28,4,31,0,0,0,0
11302.84,15,27,1,0,1,1
11684.13,0,15,0,0,0,0
3062.1,4,13,1,1,0,1
10564.44,2,40,0,0,1,1
2138.79,12,26,1,1,1,1
11565.01,22,15,1,0,1,1
12043.92,7,17,0,0,0,0
1989.63,19,24,0,1,1,1
7536.06,17,34,0,0,0,0
9233.92,10,20,1,0,0,1
4303.68,10,3,0,0,1,0
13540.26,17,35,0,0,0,0
12996.05,18,16,0,1,0,1
12459.45,7,11,0,1,1,1
11718.68,17,38,0,1,1,1
12447.9,16,24,0,1,1,1
4422.01,2,13,1,0,0,0
2325.4,21,23,0,1,1,1
8083.25,19,29,0,0,1,1
5351.91,11,33,1,0,1,1
11597.67,21,19,0,1,0,0
3549.17,11,9,0,0,0,0
9840.53,20,36,0,1,0,0
1820.73,2,30,0,0,0,0
173.66,19,37,1,1,1,1
5999.42,12,24,1,1,0,1
8155.65,18,17,0,0,0,0
2716.83,8,26,1,1,1,1
7916.35,0,34,1,1,1,1
8646.55,0,25,1,1,1,1
14511.25,6,27,1,1,1,1
2309.16,22,27,0,0,0,0
968.57,23,10,1,1,0,0
3932.97,17,27,0,1,0,0
2184.59,1,21,0,0,1,0
14720.2,10,33,1,0,0,0
13654.42,0,5,1,1,1,1
1521.01,5,36,1,1,1,1
9779.63,13,30,1,1,1,1
690.48,9,20,0,0,1,0
14394.31,11,21,0,0,1,1
11780.3,17,22,0,0,0,0
11870.03,19,12,0,1,1,1
992.15,7,16,1,0,0,0
7030.48,8,4,1,0,0,0
4830.63,6,1,1,1,1,1
276.15,17,1,0,1,0,0
5719.82,1,18,1,0,0,0
13468.92,15,17,1,0,1,1
646.78,22,12,1,0,1,1
10632.27,11,4,0,0,0,0
6365.38,15,11,0,0,0,0
5021.26,11,0,1,1,0,1
12722.35,5,16,0,1,0,0
9974.24,6,36,0,1,0,0
3390.07,2,36,1,1,1,1
7843.14,4,2,1,0,1,1
7691.12,2,3,0,1,1,1
2426.16,12,15,0,1,1,1
5300.22,15,5,0,0,0,0
13026.25,23,27,0,1,1,1
5863.42,22,6,0,1,1,1
868.85,17,3,0,1,1,1
4967.89,20,19,1,0,0,0
11987.37,7,29,0,1,1,1
2494.37,10,24,1,1,0,0
13893.6,15,20,0,0,1,1
8859.05,14,15,1,0,1,1
3578.16,2,16,1,1,0,1
2478.98,1,17,0,1,1,1
322.72,9,7,0,0,1,0
11693.11,2,16,0,1,1,1
10824.89,10,33,0,1,1,1
2532.16,5,11,1,1,1,1
95.26,22,19,1,1,0,0
9821.73,1,4,1,0,0,1
5090.86,18,5,1,1,1,1
11264.6,2,40,1,0,1,1
10012.4,12,9,0,1,1,1
12522.96,23,26,1,0,0,0
752.31,12,39,0,0,1,0
364.7,6,1,1,0,1,1
3478.13,14,18,1,0,1,1
7118.59,8,24,0,1,0,0
4487.1,7,17,0,0,0,0
14555.6,21,31,0,0,0,0
9932.48,7,8,0,1,0,1
2260.27,1,15,1,0,0,0
12309.2,16,7,1,1,1,1
13755.02,13,28,1,0,1,1
7046.78,16,21,1,1,0,1
7350.37,7,39,1,0,0,0
14094.02,0,15,0,1,0,1
1664.31,1,37,0,1,1,1
10028.61,13,1,1,1,0,1
1371.01,2,2,1,1,0,1
12500.03,0,19,0,0,1,1
10481.88,11,29,0,0,0,0
9461.47,11,30,1,0,0,0
1383.79,15,18,1,1,0,0
12324.4,13,9,0,0,1,1
12320.52,6,28,0,1,1,1
7104.91,5,39,0,1,0,0
12473.46,3,27,1,0,0,1
114.46,20,32,0,0,0,0
7664.14,0,2,0,0,0,0
12614.08,8,16,0,0,1,1
1061.67,9,27,0,0,1,0
1099.72,1,22,1,1,0,1
10699.61,14,34,1,1,0,1
13966.32,9,40,1,1,0,1
5255.09,1,15,1,0,0,0
11185.99,8,33,0,1,1,1
7689.14,18,40,0,1,0,0
4246.53,18,22,1,1,1,1
10412.28,12,12,1,0,0,0
14355.83,17,24,0,1,0,0
13454.17,0,34,1,0,1,1
14414.34,5,21,1,1,1,1
9824.65,13,4,1,0,1,1
4552.84,3,13,1,0,0,0
9348.87,11,10,0,1,1,1
7823.8,16,39,1,1,0,1
728.82,9,10,0,0,1,0
1022.62,17,19,0,1,0,0
6882.71,6,22,1,1,1,1
2328.28,23,4,1,1,1,1
7401.69,22,7,0,0,1,1
2365.64,9,3,0,0,0,0
6888.68,2,10,0,1,1,1
5010.91,19,0,0,0,0,0
3258.9,6,4,0,0,0,0
7483.53,22,29,0,1,1,1
10269.33,0,29,1,0,0,1
4927.18,22,17,0,0,0,0
5435.08,9,25,0,1,1,1
8035.77,17,12,1,0,1,1
13925.39,5,20,1,1,0,1
2607.57,22,17,0,0,1,0
14509.32,13,30,1,0,0,0
13288.79,22,32,0,1,0,0
13198.54,20,36,1,0,0,0
9394.19,23,31,1,1,1,1
10183.64,5,1,1,0,1,1
10929.32,8,6,1,1,1,1
5209.52,13,20,0,0,1,1
9278.35,0,30,1,0,0,1
5356.55,15,5,1,1,1,1
8648.38,20,15,0,1,0,0
6585.82,20,39,0,0,0,0
3140.89,21,35,1,1,0,1
12797.08,6,32,0,0,1,1
8192.67,10,14,0,0,0,0
3311.06,12,37,1,1,0,0
7153.16,12,35,0,1,0,0
12583.22,15,25,0,1,1,1
12370.21,11,8,0,1,0,1
10931.18,0,17,1,1,0,1
12945.73,13,23,1,1,1,1
10417.86,17,20,1,1,1,1
1820.92,22,9,0,1,1,1
750.49,13,33,0,0,1,0
5669.69,23,40,0,0,1,0
11651.45,17,22,1,0,0,0
13724.3,5,13,0,1,0,0
13650.83,3,8,1,1,1,1
3282.28,0,21,1,0,0,0
10446.61,5,30,1,1,1,1
13251.48,7,3,0,0,1,1
3359.91,12,23,0,0,1,0
9957.45,13,35,0,0,1,1
8305.95,11,37,0,1,1,1
6893.84,4,31,0,0,0,0
9553.82,17,9,0,0,0,0
3417.29,19,11,1,0,1,1
9898.31,3,28,0,0,0,0
3353.47,12,22,0,0,1,0
9511.38,18,39,0,0,0,0
9897.47,2,6,1,1,1,1
9412.1,8,30,0,0,1,1
1903.6,2,2,0,0,0,0
706.07,15,24,0,0,1,0
13152.66,23,24,0,1,1,1
13300.76,19,25,0,0,0,0
5612.75,19,5,0,1,1,1
13036.06,5,5,0,0,1,1
10735.15,18,19,1,1,0,1
4434.41,1,14,1,1,0,1
1437.93,6,31,0,0,0,0
10402.84,10,15,1,1,1,1
6520.01,3,18,0,0,0,0
9316.54,6,26,0,1,0,0
10347.59,1,29,0,0,0,0
9820.61,15,12,0,1,1,1
8474.66,4,12,0,1,0,1
11638.74,0,1,0,0,0,0
10391.62,10,36,0,1,1,1
2165.63,15,34,0,0,0,0
4317.42,8,33,1,0,0,0
1324.13,2,29,0,0,1,1
8715.43,12,33,0,0,0,0
3801.98,5,34,1,1,0,0
10252.99,2,14,1,0,1,1
13981.46,4,33,1,0,0,1
11876.62,16,3,0,1,0,0
12412.11,13,14,0,1,1,1
12930.3,13,28,1,1,0,1
3456.32,14,11,1,0,1,1
14437.48,10,19,0,1,1,1
8455.17,11,20,1,1,1,1
2108.14,23,32,1,1,0,0
14903.67,19,11,1,1,1,1
14138.86,2,16,1,0,1,1
5989.2,7,30,0,0,1,0
10616.88,7,14,1,0,1,1
239.48,17,30,1,0,0,0
3978.73,0,40,1,0,0,0
3002.14,5,0,0,1,0,0
8727.99,8,17,0,1,1,1
3905.83,3,13,1,1,0,1
380.76,11,26,1,1,1,1
3023.71,14,36,0,0,0,0
10481.08,14,0,0,0,1,1
4763.44,11,8,0,0,0,0
13998.66,20,15,0,1,1,1
4290.39,9,13,0,1,1,1
4406.0,23,4,0,1,1,1
12513.74,1,31,0,0,0,0
14609.92,17,17,1,0,1,1
9883.68,19,35,0,1,1,1
13661.31,5,9,0,0,0,0
11210.74,22,12,0,0,0,0
1584.54,0,16,0,0,0,0
1502.78,3,4,1,0,0,0
3628.68,0,14,1,1,0,1
10200.23,9,37,0,0,0,0
8662.36,14,1,0,0,0,0
547.17,3,37,1,1,0,1
8883.92,22,26,0,1,0,0
62.73,23,16,0,0,0,0
302.39,10,33,1,0,1,1
2912.98,21,1,0,0,1,0
2639.54,20,8,0,0,0,0
12931.15,4,24,1,1,0,1
5806.7,9,29,1,0,1,1
13822.82,6,26,1,0,0,0
9596.73,14,37,1,0,0,0
7789.01,8,5,0,0,0,0
9880.07,8,8,0,0,1,1
9203.84,21,40,1,1,0,1
2850.76,21,8,0,0,0,0
12846.13,16,35,0,0,1,1
9434.75,0,16,1,0,1,1
3461.02,7,40,0,1,1,1
7454.83,9,27,1,0,1,1
3543.46,19,33,1,1,1,1
5494.09,0,39,0,0,1,1
486.33,19,37,1,1,0,0
3499.94,7,4,1,1,0,0
428.84,13,39,1,1,1,1
13166.04,15,14,0,1,1,1
11460.46,9,37,0,1,1,1
7765.38,6,2,1,0,1,1
2006.27,16,31,1,0,0,0
8032.33,16,9,1,1,1,1
13372.85,4,32,1,1,1,1
12309.9,7,21,0,0,0,0
99.18,11,21,1,0,1,1
14566.95,4,1,1,1,1,1
11287.66,7,20,0,0,0,0
8263.23,15,39,1,1,0,1
710.55,12,13,0,0,0,0
9270.57,3,8,1,0,1,1
13632.13,18,9,0,1,1,1
3047.46,19,27,0,1,0,0
5391.29,5,19,1,1,0,1
9252.62,16,31,1,1,1,1
9641.7,16,5,0,0,1,1
10717.09,8,29,0,0,1,1
11684.33,5,21,0,1,1,1
1060.89,21,18,0,1,0,0
8907.29,1,7,1,1,0,1
6806.35,21,30,1,1,1,1
7316.08,21,22,0,0,1,0
5996.58,10,3,1,1,0,1
14092.31,1,36,0,1,0,1
1239.59,3,8,1,0,1,1
940.91,11,6,0,1,1,1
6309.57,20,15,1,0,0,0
6834.97,15,34,0,1,0,0
3976.06,18,8,1,0,0,0
11929.13,16,37,0,1,1,1
3346.29,5,27,1,0,1,1
10263.56,13,20,1,1,1,1
13522.39,15,11,0,0,1,1
10699.78,1,14,1,1,0,1
6095.94,13,10,1,1,1,1
429.62,15,30,0,1,1,1
8062.16,0,35,0,0,0,0
13975.95,7,18,1,1,1,1
7606.49,4,8,0,0,1,1
2294.35,20,36,0,0,1,0
3358.63,15,24,1,0,1,1
4095.58,17,37,1,0,0,0
2792.75,8,24,0,1,0,0
7734.19,13,0,0,1,0,1
10499.59,5,40,1,1,0,1
5242.82,9,30,1,0,1,1
12067.3,23,24,0,0,0,0
14390.78,20,37,1,0,0,0
12942.95,15,19,0,0,1,1
2738.46,6,36,1,0,1,1
1520.5,21,40,1,1,1,1
5902.37,14,39,1,0,1,1
4532.72,17,12,0,1,0,0
3117.75,6,20,0,0,1,0
7378.36,4,9,1,0,0,0
9968.37,8,5,0,0,0,0
12932.51,2,32,1,0,1,1
11188.83,1,6,0,0,1,1
12126.87,5,26,1,1,0,1
2800.05,10,6,0,0,0,0
7406.56,3,39,0,1,0,1
7101.74,1,32,1,0,0,0
9064.82,11,33,1,0,1,1
2574.99,14,0,0,1,0,0
727.34,11,5,0,1,0,0
5510.7,17,4,1,1,0,1
6425.98,6,8,1,0,1,1
8135.69,14,17,0,1,1,1
4818.17,17,22,0,0,1,0
6275.5,19,38,1,1,1,1
6769.28,23,12,1,0,1,1
9952.7,19,31,1,0,1,1
2897.88,3,33,0,0,0,0
14140.24,19,11,1,1,1,1
11633.13,7,33,1,0,1,1
3702.7,3,17,0,0,1,0
1665.02,14,27,1,0,1,1
10933.16,22,4,0,0,0,0
1757.5,14,22,1,1,1,1
5769.34,19,18,1,0,1,1
3086.31,14,20,0,0,1,0
3178.35,18,34,0,1,0,0
7727.71,5,11,0,1,1,1
13623.72,18,6,1,1,0,1
11631.41,4,17,0,0,0,0
13311.67,0,11,0,1,1,1
9880.6,1,30,1,0,0,1
184.15,18,23,1,1,1,1
12750.06,12,17,0,1,1,1
2569.41,8,9,0,0,1,0
11382.46,21,20,0,1,0,1
2685.08,4,26,0,0,0,0
10121.28,13,34,1,1,0,1
3125.15,14,13,1,1,1,1
2530.24,18,36,1,1,1,1
5716.36,1,14,1,0,0,0
6018.16,13,23,0,0,0,0
5249.26,15,21,1,0,0,0
1761.29,13,16,0,1,1,1
9411.55,10,0,0,0,1,1
14165.78,23,15,0,0,0,0
8835.71,11,1,1,1,0,1
1018.08,2,14,1,0,0,0
9048.13,14,4,1,1,0,1
12670.96,15,33,1,0,1,1
8945.65,22,29,1,1,0,1
1881.29,8,37,0,0,0,0
1605.96,18,22,1,0,0,0
10723.92,21,23,1,1,1,1
9708.56,17,29,0,0,0,0
11946.96,11,26,1,0,1,1
12287.65,10,13,0,1,1,1
8089.5,4,25,0,1,0,1
1611.02,8,15,1,1,1,1
6336.69,15,4,0,1,1,1
137.03,16,1,1,1,1,1
7849.84,10,20,0,0,0,0
2707.75,3,28,0,0,1,0
14490.63,5,11,0,1,0,0
4884.32,11,15,1,1,1,1
9464.22,17,24,0,1,0,1
3715.47,12,27,0,0,0,0
3261.38,4,27,1,0,0,0
4022.36,9,28,0,0,0,0
622.18,23,13,0,1,1,1
6507.49,23,28,1,1,1,1
1119.67,23,13,0,0,1,0
9409.66,11,9,0,1,0,0
11724.61,23,33,1,1,0,1
2094.07,19,5,1,1,0,0
13854.03,3,34,0,1,0,1
6528.42,6,7,0,1,0,0
11185.42,0,2,0,0,1,1
1691.98,15,33,1,0,1,1
11662.17,6,40,1,1,1,1
4456.71,18,31,0,1,0,0
8798.7,2,29,0,1,0,1
5556.53,1,2,1,0,0,0
2738.81,6,26,0,1,0,0
10619.24,20,26,1,1,1,1
7922.35,13,24,1,0,1,1
5998.26,13,21,1,1,0,1
2891.37,10,3,0,1,0,0
4928.9,21,25,0,1,0,0
2376.71,19,18,1,0,1,1
13540.97,21,0,0,1,0,1
3136.86,20,7,0,0,1,0
8708.56,19,8,1,0,0,0
3773.69,18,17,0,1,0,0
6659.78,6,16,1,1,1,1
11993.03,5,11,0,0,1,1
6403.2,3,34,1,0,0,0
10330.53,8,0,0,0,0,0
60.19,8,23,0,0,1,0
5782.12,4,25,0,0,0,0
12600.53,14,27,0,0,0,0
12347.17,16,30,0,0,0,0
4399.17,17,14,1,1,1,1
8947.39,14,6,1,0,0,1
14168.92,7,21,0,0,0,0
14848.35,2,29,0,1,1,1
11041.78,19,17,1,0,1,1
3750.28,14,30,0,0,0,0
7821.83,9,23,0,1,0,0
2721.99,16,38,0,0,0,0
1207.75,20,5,1,1,0,0
4863.03,18,30,1,0,1,1
2623.69,16,0,0,1,1,1
8872.77,18,23,0,1,1,1
12938.91,3,4,0,0,1,1
1922.03,11,32,1,1,1,1
5754.75,7,21,1,1,1,1
7969.74,21,40,0,1,0,0
11985.6,23,13,0,1,1,1
3917.04,4,28,0,1,1,1
4026.38,23,6,1,1,0,0
5862.4,7,37,1,0,0,0
12016.26,23,34,1,1,1,1
1613.68,16,16,1,0,0,0
11055.63,21,22,1,1,1,1
13.88,3,3,1,0,0,0
10979.89,4,39,0,0,1,1
3977.12,14,30,0,1,1,1
14158.85,23,30,1,0,0,0
9494.46,13,22,0,0,0,0
2490.03,21,4,1,0,1,1
13766.5,2,31,1,1,1,1
3346.38,12,27,1,1,0,0
14844.88,18,18,0,0,0,0
13518.17,14,9,0,1,1,1
7791.61,19,33,1,1,0,1
11504.83,5,5,0,1,1,1
6747.62,6,21,1,0,1,1
7950.88,9,20,0,1,1,1
6469.98,0,32,0,0,1,1
1480.87,11,8,0,1,0,0
7291.58,11,17,0,0,0,0
6909.26,14,35,0,0,1,0
3663.85,18,17,1,1,1,1
4970.54,18,25,1,0,1,1
8228.25,22,16,1,0,0,0
9691.27,22,0,1,0,0,1
3821.97,12,17,0,1,0,0
3589.35,12,22,0,0,0,0
1536.38,23,6,0,0,0,0
1062.08,22,3,0,1,0,0
4461.84,20,26,1,0,1,1
6211.33,18,9,0,0,1,0
14974.19,7,17,1,0,1,1
7175.96,16,1,0,1,1,1
13042.1,0,16,1,0,1,1
7907.73,1,12,0,0,0,0
5464.08,22,26,1,0,0,0
12100.05,17,16,0,0,1,1
1083.94,3,30,0,0,1,0
14885.2,6,10,0,0,0,0
10341.83,19,22,0,1,0,1
5032.9,22,34,0,0,1,0
14487.51,6,26,0,0,0,0
2763.48,10,39,0,1,1,1
6445.85,1,32,0,0,0,0
4586.34,21,25,1,0,1,1
1577.12,23,18,0,0,0,0
13677.38,23,6,1,1,1,1
4102.38,8,1,1,0,0,0
8291.27,18,22,0,0,0,0
6662.99,19,22,0,0,1,0
865.28,11,33,1,0,0,0
4922.7,23,2,1,1,0,0
14996.42,21,30,0,0,1,1
7526.91,23,10,1,0,0,0
8938.83,12,26,1,0,0,0
14848.57,12,19,0,1,1,1
4261.89,12,3,0,0,1,0
11746.04,8,12,0,1,1,1
9583.34,20,38,0,0,1,1
12683.13,5,19,1,0,0,0
14168.32,0,17,1,0,1,1
9723.04,12,31,1,1,0,1
9304.63,12,29,0,1,1,1
12457.0,5,10,0,1,0,0
11487.9,7,37,1,0,1,1
14453.46,5,34,1,0,0,1
8138.64,14,29,0,0,0,0
8229.03,7,4,0,0,1,1
6970.44,20,1,1,0,0,0
12104.45,16,9,0,0,1,1
13952.01,6,33,0,1,0,0
12563.2,19,20,0,0,1,1
10870.71,17,20,1,0,0,1
3648.64,9,11,1,0,1,1
6474.95,16,36,1,0,1,1
2519.65,10,4,0,0,1,0
10294.43,15,24,1,0,1,1
9123.17,14,22,0,0,0,0
14033.94,18,12,0,1,1,1
4861.04,21,30,0,1,0,0
1490.0,16,26,0,1,0,0
5949.47,6,31,0,0,0,0
14158.34,9,27,1,1,1,1
7288.5,8,20,0,1,0,0
7934.03,5,26,1,1,1,1
7991.82,9,40,0,0,1,1
13640.78,4,15,0,0,0,0
6667.25,14,2,0,0,0,0
13595.8,20,22,0,1,1,1
4101.15,20,6,0,1,1,1
1186.27,12,7,1,0,1,1
13294.34,1,28,1,1,1,1
9646.71,7,10,0,1,1,1
12941.05,23,14,1,1,1,1
2688.93,21,37,1,0,1,1
11566.26,23,7,1,1,1,1
13916.54,20,34,0,0,1,1
8235.96,5,17,1,0,1,1
549.81,2,21,1,1,1,1
10425.01,22,3,1,1,1,1
3464.89,18,29,0,1,1,1
8255.21,23,9,0,0,1,1
12532.19,6,17,1,0,1,1
9166.24,14,21,1,1,0,1
11562.11,6,30,0,1,0,0
5373.4,16,7,0,1,0,0
5745.72,8,35,0,0,1,0
12380.01,12,12,0,0,0,0
6128.83,3,32,1,0,1,1
319.58,0,0,1,0,1,1
8692.46,13,22,1,0,0,0
11082.89,2,26,0,1,0,1
3849.02,17,15,0,1,1,1
1598.62,20,3,1,0,1,1
8922.29,20,5,0,1,1,1
9531.0,17,26,1,1,0,1
633.31,23,14,1,1,0,0
10700.81,0,40,1,0,1,1
13673.82,1,36,0,1,1,1
8677.76,0,21,0,1,1,1
14034.8,3,10,1,0,0,1
8096.68,15,14,0,0,1,1
8913.97,14,0,0,0,1,1
6602.25,11,22,1,0,1,1
9927.02,12,22,1,1,0,1
14396.24,21,3,0,1,0,0
4468.7,23,34,1,0,1,1
13417.5,11,32,0,0,0,0
7920.65,10,36,0,1,1,1
10620.89,20,0,0,0,1,1
12637.58,2,22,1,0,1,1
4112.93,13,0,0,1,1,1
1330.95,9,26,1,0,0,0
413.53,12,4,0,1,0,0
1951.77,19,9,0,0,1,0
13033.84,21,1,1,1,1,1
14066.09,2,26,1,0,0,1
365.05,11,40,1,1,1,1
3075.85,21,5,0,0,1,0
1937.31,23,5,0,1,1,1
656.06,2,40,1,1,0,1
8605.55,17,14,1,0,1,1
11726.14,20,7,0,0,0,0
12943.02,13,14,0,1,0,1
13372.53,20,16,1,1,0,1
9678.72,11,33,0,1,0,1
11279.12,6,40,1,1,1,1
14788.71,19,12,0,1,1,1
2642.6,9,30,1,1,1,1
3842.6,13,27,0,0,0,0
11509.0,14,14,0,0,0,0
2293.7,18,34,0,1,0,0
11054.28,7,21,1,0,1,1
13734.66,20,18,0,1,1,1
11063.76,10,17,1,0,0,0
9522.24,21,14,1,0,0,0
14954.67,10,17,1,0,1,1
10682.19,4,21,1,0,1,1
4907.24,15,22,0,0,1,0
8757.1,21,25,0,1,0,0
3796.99,1,1,1,0,1,1
4321.73,17,37,1,0,1,1
11544.14,17,1,0,1,0,0
2805.65,16,14,0,1,0,0
9178.75,7,1,1,1,0,1
4857.22,23,31,0,1,1,1
8288.22,16,21,1,1,1,1
11407.74,18,19,0,1,0,0
12271.46,5,7,1,0,1,1
7371.05,15,12,1,1,1,1
8146.98,11,7,0,0,0,0
9041.15,6,9,0,0,1,1
12562.7,12,21,1,0,0,1
594.59,23,19,0,1,1,1
1788.63,2,32,0,1,1,1
6507.85,23,10,1,0,1,1
4781.45,4,15,1,1,1,1
4387.94,15,5,0,0,0,0
1350.27,22,26,0,1,0,0
6364.06,17,0,1,0,1,1
75.23,9,29,1,0,0,0
13180.71,17,36,0,0,0,0
5119.92,4,11,0,0,1,1
1506.9,2,8,1,0,0,0
11535.71,23,13,1,1,0,1
1096.12,14,16,0,1,0,0
6074.38,12,12,0,1,0,0
8941.11,13,16,1,1,0,1
4859.37,15,27,0,1,0,0
10806.46,1,31,0,1,1,1
14486.48,5,40,0,1,0,0
14205.58,6,39,0,1,1,1
7808.65,23,1,0,1,1,1
1903.23,13,19,0,1,0,0
4829.34,17,8,0,0,1,0
14295.52,6,18,0,1,0,0
13550.24,12,30,0,1,1,1
6827.78,2,28,1,1,1,1
12904.09,19,11,0,0,0,0
9007.93,1,20,0,0,0,0
3675.32,2,6,0,1,1,1
12969.61,19,15,1,0,0,0
14219.3,21,25,1,1,0,1
7049.34,17,37,1,1,0,1
3055.17,21,16,0,1,0,0
14273.84,3,22,1,0,0,1
11857.2,16,23,1,0,1,1
11815.29,10,26,0,0,1,1
1009.09,21,18,1,1,0,1
5888.77,16,36,0,1,1,1
440.28,11,40,1,1,0,1
11296.71,23,28,1,1,1,1
13848.09,19,40,0,0,0,0
6540.12,4,24,1,1,1,1
7508.58,8,30,0,0,1,1
3014.62,23,16,0,0,1,0
4526.59,4,27,0,1,1,1
10497.38,21,13,0,0,0,0
12152.44,15,22,0,1,0,0
13343.66,15,16,0,1,0,0
14334.9,13,15,1,0,1,1
8648.06,22,21,1,0,1,1
9687.06,7,24,0,1,0,0
14280.76,14,13,1,0,1,1
9886.73,18,12,0,0,0,0
14190.69,9,36,0,0,1,1
8100.54,6,29,1,1,1,1
13083.06,0,30,1,0,0,1
9249.71,7,30,1,1,0,1
3555.71,7,8,1,0,0,0
1103.55,8,29,0,0,0,0
7668.64,2,23,1,0,1,1
14250.7,1,18,0,1,1,1
1548.89,14,30,1,1,1,1
14086.8,6,21,0,1,1,1
9216.91,15,30,0,0,1,1
5709.54,6,33,0,1,0,0
10027.13,18,38,1,0,1,1
2752.59,19,14,0,1,1,1
2758.71,5,0,1,1,0,1
14908.1,5,30,1,0,0,0
7930.5,2,21,0,0,1,1
8059.22,2,23,1,1,0,1
12202.04,7,28,0,0,0,0
930.73,21,17,0,0,1,0
10263.79,21,34,0,0,1,1
5801.0,6,3,1,1,1,1
14871.74,7,25,0,1,0,0
3496.77,7,25,0,0,0,0
1033.08,22,15,1,1,1,1
1334.27,11,10,0,0,0,0
1311.73,6,23,1,0,1,1
13944.8,16,11,0,0,0,0
822.33,21,34,1,1,0,0
6710.38,16,12,0,1,1,1
1008.44,7,40,0,0,1,0
10615.65,23,36,0,1,0,0
5400.85,13,14,0,0,1,0
7304.98,19,16,0,0,1,0
11431.51,15,20,0,0,1,1
8371.31,17,0,1,0,0,1
5286.94,20,39,0,1,1,1
7528.0,10,20,1,1,1,1
8158.87,13,3,0,0,0,0
351.43,16,3,1,1,0,0
3686.43,2,40,0,0,1,0
5317.66,14,20,1,1,1,1
4373.16,5,31,0,0,1,0
11900.79,9,25,0,0,0,0
14631.61,19,39,0,1,1,1
6693.94,23,40,0,1,1,1
1180.01,21,39,1,0,1,1
11852.64,5,26,0,0,0,0
2904.4,5,2,1,1,0,0
12895.64,3,14,1,0,0,1
8378.65,7,25,1,1,0,1
5377.07,22,4,0,0,0,0
5232.27,12,37,1,0,1,1
9602.07,3,23,0,1,0,1
3535.46,8,4,1,0,1,1
9179.15,3,27,0,0,1,1
3430.31,7,0,0,1,0,0
11758.55,17,6,1,0,0,1
11497.52,19,32,0,0,0,0
2078.32,3,16,0,0,0,0
7723.45,0,9,1,1,0,1
8987.0,7,15,1,0,0,0
6799.18,23,22,1,1,1,1
11922.97,16,29,1,1,0,1
1905.75,1,32,0,0,1,1
11070.02,12,14,0,0,1,1
11362.11,6,34,1,1,0,1
10161.66,1,34,1,1,0,1
6032.85,6,5,1,1,1,1
2556.52,18,16,0,1,1,1
9955.54,1,39,0,1,0,1
6564.18,18,12,1,0,0,0
13042.49,2,21,1,0,0,1
1313.73,2,40,0,0,1,1
10796.97,9,21,1,0,1,1
4691.03,12,20,1,1,0,1
7765.02,14,12,1,1,0,1
3677.94,20,11,1,1,1,1
8084.9,7,40,0,0,1,1
1327.35,4,34,0,0,0,0
839.5,14,31,1,1,1,1
11977.9,0,14,0,1,0,1
4533.87,1,17,1,0,0,0
4978.91,17,20,0,1,0,0
14888.73,16,14,0,0,0,0
7564.83,4,22,0,1,0,0
8193.45,13,31,1,1,1,1
6630.02,3,11,1,0,1,1
12202.16,10,16,0,1,0,0
3892.17,21,32,1,1,1,1
7821.5,2,19,0,1,0,0
1083.66,7,4,1,0,1,1
13641.35,10,26,1,1,0,1
11821.98,19,37,0,1,1,1
5160.89,21,30,1,1,1,1
3017.89,12,24,0,0,0,0
7525.5,13,1,1,1,1,1
877.8,10,25,1,0,1,1
11366.89,3,6,0,1,1,1
14926.77,23,35,1,0,1,1
10608.98,19,39,1,1,0,1
731.95,15,36,0,1,0,0
13003.89,22,1,1,1,1,1
5762.35,0,19,1,0,1,1
6328.7,12,37,0,0,1,0
4315.89,19,33,1,1,1,1
3863.67,13,28,1,1,1,1
2581.53,2,22,0,0,0,0
6058.77,0,18,1,0,1,1
8106.64,0,11,0,0,1,1
3703.64,7,28,1,0,0,0
8798.5,15,0,0,0,0,0
33.24,16,34,1,0,1,1
7869.19,14,17,1,0,0,0
12659.81,21,5,0,1,0,0
9020.85,20,17,1,0,1,1
2695.93,13,10,0,1,1,1
3087.58,6,37,0,1,0,0
11125.57,18,37,1,0,1,1
12172.88,2,37,0,1,1,1
2454.49,1,6,1,0,1,1
12680.56,0,33,0,1,0,1
7333.1,11,12,1,1,1,1
545.63,15,38,1,0,1,1
3718.11,20,34,1,0,1,1
10967.4,2,6,0,1,0,1
8595.5,16,9,1,0,0,0
5573.19,19,19,1,1,1,1
7117.46,5,31,0,0,0,0
8166.31,20,17,0,0,1,1
2638.61,7,20,0,1,1,1
8498.63,9,18,0,0,0,0
325.64,9,40,0,1,1,1
3519.78,8,1,0,0,1,0
4313.71,16,27,0,1,0,0
67.8,11,17,0,1,1,1
5402.99,3,30,1,0,1,1
5303.66,21,17,0,1,1,1
10086.73,22,8,1,1,1,1
11796.92,23,15,1,0,0,0
12492.93,3,37,0,0,1,1
8084.19,17,37,0,0,1,1
14946.51,13,6,1,1,0,1
5614.48,19,13,1,1,0,1
1773.96,20,7,1,1,0,1
5772.11,19,14,1,1,1,1
14019.84,15,23,1,1,1,1
2758.77,4,26,0,0,1,0
13424.93,20,29,1,0,1,1
10086.29,13,33,0,0,1,1
7957.95,16,25,0,1,1,1
1745.52,13,15,1,0,1,1
5485.48,7,14,1,1,1,1
13460.85,7,32,0,0,1,1
12571.19,17,26,1,0,1,1
4785.99,10,22,0,1,1,1
10025.08,13,25,1,1,1,1
3155.67,11,17,0,0,1,0
14593.3,12,24,0,0,1,1
3192.52,12,14,0,0,1,0
13857.41,5,27,1,1,1,1
14532.26,15,32,0,1,1,1
2674.02,13,31,0,0,0,0
2262.38,12,0,1,1,1,1
13470.94,23,26,0,0,1,1
8419.74,12,14,1,0,1,1
12305.95,20,17,1,1,1,1
12898.33,9,6,0,0,0,0
13463.32,2,37,1,1,0,1
6811.37,16,32,1,1,1,1
7955.92,20,36,0,1,0,0
2963.0,12,27,1,1,0,1
10025.27,15,29,0,0,1,1
3492.8,11,29,1,0,0,0
12664.76,13,13,1,1,1,1
7327.54,17,21,0,1,1,1
3864.14,18,27,0,1,1,1
12206.04,15,8,0,0,0,0
13232.58,22,28,1,1,1,1
10723.63,8,33,1,1,1,1
5314.63,21,7,0,0,1,0
590.46,13,17,1,0,0,0
11653.62,15,24,1,0,1,1
620.5,11,35,1,0,1,1
11435.61,1,18,1,1,1,1
8612.99,13,7,0,1,0,0
8994.54,22,15,1,0,1,1
14209.22,13,15,0,1,0,0
3519.68,13,39,1,0,1,1
9841.54,12,8,1,1,1,1
6329.5,23,1,0,0,0,0
2112.53,23,35,1,0,0,0
10737.29,0,7,1,1,0,1
12724.95,9,15,0,1,0,1
8295.29,4,24,1,1,0,1
3822.15,7,39,0,0,0,0
13932.5,14,20,0,0,0,0
9574.3,18,38,0,1,0,0
9957.46,12,34,0,1,1,1
7445.07,13,18,1,1,0,1
6107.66,2,20,1,0,0,1
5171.39,8,23,1,0,0,0
12326.23,20,28,0,1,0,0
6158.76,13,14,0,0,0,0
6333.95,21,22,1,0,1,1
13268.16,4,28,0,1,1,1
12235.47,5,15,0,0,1,1
2078.99,12,25,0,0,0,0
14861.52,4,13,1,1,1,1
8755.5,19,21,0,1,0,0
2165.69,11,16,0,0,0,0
6228.27,17,19,0,0,0,0
13430.84,15,31,1,0,0,0
14487.27,11,21,1,0,0,0
2301.93,8,28,1,1,1,1
2003.42,13,16,0,0,1,0
1823.69,22,18,0,0,0,0
4778.88,5,11,0,1,0,0
14694.27,13,8,0,1,1,1
2870.85,14,28,0,0,1,0
6546.43,8,5,1,0,1,1
611.91,12,21,1,0,1,1
5137.39,14,39,1,1,1,1
1684.93,14,2,0,1,0,0
635.09,16,39,1,1,1,1
13337.66,18,23,1,0,0,1
9785.43,16,31,1,0,0,0
9234.88,19,18,1,0,1,1
11440.11,19,13,0,0,1,1
2407.08,12,12,1,1,1,1
2226.51,21,2,1,0,0,0
12843.55,18,37,0,1,0,0
8088.53,6,24,1,1,0,1
13966.63,12,14,1,0,0,0
12679.11,14,6,0,0,1,1
1252.61,20,20,1,0,1,1
3815.33,15,2,1,1,1,1
11856.68,16,26,1,0,1,1
5381.08,10,33,0,1,0,0
1764.49,22,2,1,0,1,1
10207.13,3,12,0,0,0,0
90.39,17,19,0,0,1,0
1854.15,4,19,1,1,1,1
7493.22,21,9,0,1,1,1
5185.91,4,13,0,1,1,1
13995.07,16,18,0,1,1,1
14751.43,9,30,0,0,0,0
4773.18,6,24,1,0,0,0
3456.16,2,19,0,1,1,1
10760.19,2,22,1,0,1,1
10108.08,10,20,1,0,1,1
4240.31,2,16,0,0,0,0
14030.03,19,24,0,1,0,1
4305.53,14,33,1,0,0,0
6461.01,18,2,0,0,1,1
14886.82,0,18,1,1,0,1
1641.76,11,25,1,1,0,0
3770.54,6,20,1,1,0,0
2068.1,23,36,0,1,0,0
8574.63,22,14,1,1,0,1
10605.23,16,11,0,1,1,1
4186.77,16,34,0,0,0,0
7435.19,13,18,0,1,0,0
7288.25,16,10,1,0,0,0
652.68,0,28,1,1,1,1
6414.55,1,26,1,1,1,1
14302.84,12,8,1,0,0,0
10882.01,10,14,1,1,1,1
2187.1,2,11,1,0,1,1
2269.2,23,5,1,1,1,1
14814.08,15,14,0,0,0,0
3855.72,0,19,1,0,1,1
10957.51,12,40,1,0,0,0
11118.39,14,24,0,0,0,0
14447.02,8,40,0,1,0,0
7526.59,1,33,1,1,1,1
5439.97,10,9,1,1,1,1
13769.36,12,37,1,0,0,0
5510.84,13,13,1,1,1,1
3335.63,9,18,0,1,1,1
13646.93,20,35,0,0,1,1
3343.0,22,26,0,1,1,1
10550.21,3,26,1,1,1,1
8583.91,22,8,1,1,1,1
13498.41,5,28,0,0,0,0
11053.63,0,28,1,1,0,1
10867.57,3,24,0,0,1,1
10865.06,12,21,1,1,1,1
4151.96,5,33,0,1,0,0
2449.25,18,39,0,0,1,0
6324.75,9,13,1,0,1,1
3371.16,10,26,1,1,1,1
13886.15,19,12,0,0,1,1
3333.27,8,30,0,0,1,0
3461.73,4,17,0,1,1,1
6420.23,12,30,0,1,0,0
6088.09,15,25,0,1,1,1
10679.39,4,28,0,1,1,1
1404.61,9,13,1,0,0,0
429.26,13,39,0,1,1,1
9919.85,15,27,0,1,1,1
6141.46,15,25,1,0,0,0
4908.7,6,30,1,1,1,1
3154.31,21,36,0,1,1,1
9981.05,5,24,1,0,1,1
9613.85,14,27,1,1,1,1
8947.26,23,16,1,1,0,1
7945.53,2,40,1,0,1,1
14251.25,12,2,0,1,0,0
745.33,13,37,1,0,1,1
6665.56,17,38,0,1,1,1
3536.27,3,24,0,0,0,0
13026.8,21,28,1,0,1,1
5994.85,22,12,1,0,0,0
6140.71,16,8,0,1,0,0
7188.66,3,9,0,0,1,1
5635.66,1,27,1,1,1,1
2098.7,23,6,0,1,0,0
7637.64,5,12,0,1,1,1
8192.61,20,19,1,0,1,1
1675.33,7,27,0,0,0,0
2176.97,3,6,0,1,1,1
9412.18,2,16,0,0,0,0
2554.42,12,8,0,0,0,0
3362.79,4,2,0,1,1,1
9842.93,10,5,0,1,1,1
5317.69,19,36,0,0,0,0
14283.39,22,23,1,0,0,0
10252.48,16,19,0,0,0,0
4459.71,3,19,1,0,1,1
12443.62,9,11,0,0,0,0
884.95,23,16,1,0,0,0
9041.43,0,13,0,1,1,1
14687.68,20,17,0,0,1,1
2107.1,3,17,0,0,1,0
10649.85,4,18,0,0,0,0
9924.36,7,40,0,0,0,0
11532.63,0,18,1,0,0,1
1845.59,5,28,1,0,1,1
388.32,11,35,1,0,1,1
10973.96,17,33,1,0,0,0
12717.51,14,36,1,0,0,1
1067.56,23,12,1,1,1,1
2673.49,19,40,1,0,0,0
11570.69,21,1,0,1,1,1
1557.5,3,6,1,1,1,1
11038.69,3,0,1,0,1,1
1287.12,13,31,0,1,0,0
1185.77,21,11,0,1,0,0
8280.07,12,4,1,0,0,0
14841.89,12,13,0,1,0,0
1590.6,3,18,1,1,1,1
8844.73,18,15,1,1,0,1
6169.21,3,12,1,1,1,1
1040.69,5,31,0,0,0,0
10527.8,21,39,1,0,1,1
14295.64,20,20,1,0,0,1
10290.8,3,1,1,0,0,1
3477.23,19,28,0,1,0,0
1087.49,4,12,1,1,0,1
9041.94,23,36,1,1,1,1
1182.25,3,13,0,0,1,0
10062.8,19,22,1,1,1,1
7654.46,11,28,1,0,0,0
4142.73,19,22,1,1,1,1
336.7,10,30,0,0,0,0
14089.48,11,23,0,0,0,0
213.55,12,2,0,1,1,1
11105.89,3,32,0,1,1,1
3291.5,1,5,0,1,0,0
13496.5,22,40,0,1,0,0
508.31,5,37,0,0,1,0
8494.45,14,14,0,0,0,0
12420.24,1,35,0,1,0,1
2202.04,1,35,0,1,1,1
6081.44,6,32,0,0,0,0
4026.87,21,11,1,0,1,1
13130.94,11,26,0,0,0,0
9120.58,18,35,1,0,0,0
10096.75,13,1,1,0,0,0
2011.79,19,7,0,1,0,0
5107.33,1,28,0,1,0,0
8648.18,20,2,0,0,1,1
11258.94,17,19,0,0,0,0
13720.57,10,23,0,0,1,1
11447.83,14,21,0,0,1,1
10269.72,14,6,1,1,1,1
9346.94,12,17,1,0,1,1
4866.83,8,3,1,1,0,1
3434.36,3,24,0,1,1,1
6180.1,14,22,0,0,0,0
14885.89,3,28,0,0,1,1
14409.35,18,24,1,1,1,1
8196.43,20,18,1,0,0,1
4378.2,22,20,1,1,0,1
820.72,23,13,0,1,0,0
1805.55,14,36,1,1,0,0
8439.33,9,28,1,0,1,1
10294.04,8,32,1,0,1,1
5118.91,21,35,1,1,0,1
7729.86,16,2,0,1,0,0
1153.19,23,16,0,0,1,0
6435.41,16,24,1,1,0,1
3438.38,12,23,0,0,1,0
5137.9,8,35,1,0,0,0
4933.9,7,14,0,1,1,1
8445.97,18,5,1,1,1,1
4138.47,22,20,1,1,1,1
6384.57,23,36,1,1,0,1
439.69,4,15,1,0,0,0
571.41,12,18,1,1,1,1
9075.77,5,3,0,1,0,0
1240.36,0,40,0,1,1,1
12154.74,5,3,0,1,0,0
4086.23,13,9,0,0,0,0
9780.93,19,1,0,0,0,0
1045.51,21,34,1,0,1,1
11734.86,22,23,1,1,1,1
3696.97,2,25,0,0,0,0
11378.67,19,9,1,0,0,1
14558.5,22,38,0,0,0,0
7830.09,18,28,0,1,0,0
8497.58,17,34,1,1,1,1
6463.03,17,15,1,0,1,1
6546.13,18,10,1,0,1,1
3551.45,23,39,1,0,0,0
7767.89,19,3,1,0,1,1
5498.84,1,4,1,0,0,1
1431.21,11,0,1,0,1,1
9922.19,16,38,0,1,0,0
10968.54,2,8,1,1,1,1
7485.37,16,25,0,1,0,0
5838.56,23,3,1,1,0,1
11252.52,12,17,1,1,1,1
9085.37,13,8,1,0,1,1
1208.08,9,31,0,0,1,0
4427.41,7,1,0,0,1,0
1372.83,4,11,0,1,0,0
203.72,13,6,0,1,0,0
4252.11,12,12,0,1,1,1
14097.73,21,19,1,0,1,1
11716.67,19,9,1,0,1,1
13875.82,18,25,0,1,1,1
12168.27,20,4,0,0,0,0
8072.21,10,5,1,0,1,1
9136.63,15,15,0,0,0,0
2908.8,0,35,1,1,1,1
1822.23,22,29,1,1,1,1
5424.08,9,21,0,0,1,0
201.78,21,18,1,0,0,0
7826.92,4,1,0,1,0,0
5967.28,2,8,1,0,1,1
142.81,14,26,0,1,0,0
1594.15,11,21,1,0,1,1
4763.51,7,39,0,0,1,0
5015.04,7,35,1,1,0,1
14714.04,0,2,1,1,1,1
7809.99,3,29,1,1,1,1
2239.62,6,36,0,0,0,0
12966.19,4,3,0,0,1,1
7183.67,21,5,0,1,1,1
9193.69,15,21,1,1,1,1
687.05,3,18,0,1,0,0
9542.05,14,25,0,1,1,1
1566.79,14,35,1,1,0,0
5966.13,11,29,0,1,1,1
13593.96,5,31,0,1,1,1
8903.78,15,5,1,0,0,0
6998.58,4,14,0,0,0,0
9313.23,14,10,0,1,1,1
12112.71,16,28,1,0,0,0
14940.44,1,11,1,0,0,1
2420.01,10,17,0,1,1,1
14993.21,12,40,1,0,1,1
13762.55,4,26,0,1,0,1
5230.63,12,33,0,0,0,0
11868.66,2,3,1,0,1,1
1549.01,1,38,0,0,0,0
10231.37,7,21,0,1,0,0
7482.58,2,27,0,0,1,1
7621.84,9,30,1,1,0,1
266.81,3,17,1,1,1,1
8201.44,16,20,1,1,0,1
8684.1,7,1,1,1,1,1
577.67,22,33,1,0,1,1
6607.75,10,27,0,0,1,0
9597.98,0,18,0,1,0,1
12798.93,4,21,0,0,1,1
11014.09,12,31,0,1,0,1
785.61,3,8,0,0,0,0
10044.76,12,15,1,0,0,0
7681.09,9,7,0,0,0,0
1380.46,17,34,0,1,1,1
2563.08,1,3,1,1,1,1
4990.97,10,31,0,0,1,0
11250.19,15,37,1,0,1,1
1022.11,12,14,1,0,1,1
5226.11,2,19,0,1,1,1
594.19,5,21,0,1,1,1
1856.28,10,32,1,1,0,0
1663.33,14,0,0,1,1,1
8420.6,0,40,1,1,0,1
2715.24,0,3,1,0,0,0
1608.05,9,1,1,0,1,1
9827.82,8,26,1,1,1,1
327.55,3,30,1,1,0,1
9341.31,9,11,0,1,1,1
4763.97,23,6,1,0,0,0
2620.82,18,33,1,0,0,0
5621.34,9,32,1,0,1,1
6895.27,5,16,1,1,0,1
1682.42,13,25,1,1,1,1
14085.05,12,37,0,1,0,1
2367.07,6,38,0,0,0,0
4419.89,23,11,1,0,0,0
7064.92,10,40,0,0,0,0
10486.55,13,38,1,0,0,0
7736.0,15,34,1,0,0,0
4305.08,22,12,0,0,1,0
9003.34,1,39,1,1,0,1
14449.64,4,36,1,1,0,1
5470.96,6,6,0,0,0,0
12785.96,15,34,0,1,1,1
652.72,4,23,0,0,0,0
6753.98,17,0,1,0,1,1
14847.91,20,15,0,1,0,0
282.95,2,7,0,1,0,0
14809.11,16,1,0,1,0,0
6523.83,7,27,0,1,0,0
2358.5,23,3,1,0,1,1
13364.96,5,29,1,1,1,1
3059.84,6,12,1,0,1,1
131.85,11,14,0,0,1,0
10767.86,17,40,0,0,1,1
5169.19,13,2,1,0,0,0
8697.64,0,35,1,1,1,1
10015.45,23,20,0,1,0,1
7421.81,11,7,0,0,0,0
9890.59,9,15,0,0,1,1
3428.75,13,3,1,1,0,0
9195.2,20,26,1,0,0,1
552.82,9,24,1,1,1,1
6383.65,8,38,0,0,1,0
6214.3,16,26,0,1,1,1
14889.77,9,11,0,0,0,0
10533.44,10,3,1,0,1,1
3013.02,1,6,0,0,1,0
161.2,17,16,1,0,0,0
1164.11,23,39,1,1,0,1
11269.4,7,26,1,0,1,1
7723.95,3,3,1,1,0,1
8374.98,22,31,0,1,0,0
7724.62,5,13,1,0,0,0
13546.06,2,21,0,0,0,0
3586.94,12,28,1,0,0,0
1117.27,16,0,0,0,0,0
10159.1,8,39,0,1,0,0
13499.01,3,8,0,0,0,0
7490.76,0,24,1,0,0,0
4023.98,18,10,0,0,1,0
7947.58,22,14,1,0,0,0
1775.16,10,15,1,0,0,0
13870.68,23,31,1,1,1,1
535.59,22,18,1,0,0,0
13917.03,15,17,1,0,1,1
4202.46,21,8,0,0,1,0
4359.7,6,0,1,1,0,1
4813.47,14,12,1,1,1,1
302.85,15,3,0,0,1,0
3232.75,15,38,1,0,0,0
14166.11,23,11,0,1,1,1
14638.91,7,37,1,0,1,1
13746.79,15,9,1,0,0,1
1417.91,5,37,0,1,1,1
10585.08,1,26,1,0,1,1
11697.7,6,9,0,0,0,0
8252.62,9,0,0,0,0,0
11921.22,15,12,0,0,0,0
4968.73,8,12,1,0,1,1
9689.7,10,36,1,1,0,1
11215.01,12,7,1,1,1,1
2281.36,0,3,1,0,0,0
14807.65,3,35,0,0,0,0
1398.34,3,16,1,0,1,1
1551.29,9,7,1,0,1,1
7149.97,22,35,0,1,0,0
1025.52,11,34,1,1,0,0
3665.6,3,5,1,1,0,1
6708.47,13,30,0,0,0,0
11116.73,7,25,0,0,1,1
6177.02,10,0,0,0,0,0
5068.04,12,12,0,1,0,0
1676.96,17,34,1,0,1,1
14051.53,16,7,0,0,0,0
12325.07,15,34,1,0,0,0
9476.62,15,24,0,0,1,1
11477.35,12,23,0,1,1,1
8408.6,7,21,1,1,0,1
7742.11,0,25,0,0,0,0
9503.15,18,37,1,0,0,0
5442.28,4,4,0,1,1,1
7857.93,3,18,1,1,1,1
8964.19,23,24,0,0,1,1
7728.95,13,23,0,1,0,0
10792.12,4,1,0,0,1,1
10072.79,15,40,1,1,0,1
13438.42,17,24,0,1,0,0
4491.91,9,5,0,0,0,0
12662.91,21,10,0,0,1,1
3776.56,3,25,1,1,0,1
519.08,7,36,1,1,0,0
10908.53,14,5,1,1,0,1
482.51,21,14,1,1,0,1
742.28,15,26,0,1,1,1
12850.57,7,14,1,0,1,1
3799.8,1,2,0,0,1,0
1616.48,22,8,0,0,0,0
777.16,1,19,0,1,0,0
6962.49,18,32,0,1,0,0
12732.48,10,12,1,0,1,1
5964.79,21,22,1,1,0,1
1902.45,0,24,1,1,1,1
10492.79,1,22,1,0,0,1
10101.8,22,36,0,1,1,1
3001.06,20,25,0,0,0,0
13263.68,11,4,1,0,0,0
7794.66,4,30,1,1,0,1
6845.32,22,40,1,1,1,1
788.89,5,24,0,0,0,0
9940.58,14,11,0,0,1,1
13228.11,11,36,1,0,0,0
12757.68,12,7,0,1,1,1
105.65,17,13,0,0,1,0
14825.56,3,26,1,1,0,1
2868.41,18,9,1,0,1,1
9111.36,21,10,1,0,1,1
6129.83,18,14,0,1,0,0
12357.46,9,5,1,0,0,0
12501.25,12,2,1,1,0,1
11670.8,13,10,0,1,0,0
13308.34,18,26,1,1,1,1
7205.38,17,27,1,0,0,0
7895.22,4,11,0,0,0,0
1427.53,3,29,1,0,0,0
3004.08,22,40,1,0,0,0
5353.74,20,36,1,1,0,1
13607.36,7,40,0,0,0,0
13166.3,16,16,1,1,1,1
5973.24,9,33,1,0,1,1
595.15,23,17,0,0,1,0
5514.29,2,39,1,1,0,1
5586.21,22,33,0,1,0,0
9537.39,12,0,0,1,1,1
9346.92,12,21,1,1,1,1
14969.52,23,32,0,0,1,1
20.4,7,23,1,1,1,1
14574.61,21,25,0,0,0,0
13840.74,17,31,1,1,0,1
10508.97,16,22,0,0,1,1
14691.31,21,10,0,0,0,0
2376.06,23,22,1,0,1,1
13711.54,10,5,1,0,0,0
695.9,4,39,0,0,0,0
11513.15,6,24,1,0,0,0
1247.24,21,35,1,0,1,1
800.25,21,37,1,1,1,1
4210.26,14,19,0,1,1,1
1698.17,9,28,1,1,0,1
4443.65,14,32,1,0,0,0
14495.23,4,1,1,1,0,1
2834.1,17,34,1,1,1,1
12136.79,10,20,0,0,1,1
73.46,0,27,1,1,1,1
7718.66,11,17,1,1,0,1
6621.47,16,36,0,1,0,0
12762.89,8,39,0,1,0,0
7165.39,18,31,0,1,1,1
12888.29,19,11,1,0,0,0
12075.82,20,34,0,0,1,1
7607.87,17,30,1,1,0,1
10681.05,3,29,0,0,0,0
14871.66,3,13,1,0,1,1
12650.39,7,28,0,1,1,1
5849.13,6,6,0,1,0,0
8846.54,5,9,0,1,1,1
6574.38,5,16,1,1,0,1
5071.09,1,18,1,1,1,1
3969.42,16,22,0,1,1,1
5102.12,2,7,1,1,0,1
14297.9,16,1,1,1,0,1
2239.05,14,19,0,1,1,1
12606.1,19,0,0,0,0,0
10240.71,0,19,1,1,0,1
5220.48,6,10,1,0,0,0
13343.49,8,17,1,0,0,1
7713.47,15,40,0,1,0,0
10331.46,4,28,1,0,1,1
1671.93,16,16,0,1,1,1
12625.33,17,18,0,1,0,0
1447.49,10,28,1,0,1,1
2542.78,5,38,1,0,1,1
5235.6,12,40,0,0,1,0
5970.53,21,30,0,0,0,0
7387.46,15,33,0,1,0,0
10280.17,14,32,1,0,1,1
12694.84,6,28,0,1,0,0
8010.22,15,32,1,1,0,1
12577.13,12,30,0,1,1,1
1175.08,1,6,0,1,1,1
4238.94,23,8,0,0,1,0
3204.3,12,25,1,0,0,0
10695.36,15,10,1,0,0,1
13399.51,22,6,1,0,0,0
1781.44,18,37,0,0,1,0
6904.74,23,5,0,0,1,0
8137.94,23,23,1,1,0,1
5392.83,15,21,1,1,1,1
7030.55,5,10,1,1,1,1
2198.69,0,26,0,1,1,1
9514.16,17,27,0,0,1,1
6805.74,15,11,1,0,1,1
3082.45,0,40,0,1,1,1
3115.79,9,22,1,0,0,0
4111.69,17,16,0,1,1,1
163.31,14,29,1,1,1,1
8110.99,5,22,1,0,0,0
6109.46,22,5,0,0,1,0
13239.74,4,25,1,1,0,1
2788.26,4,20,1,1,0,1
14632.85,13,25,1,0,0,0
10360.91,13,28,0,0,1,1
579.51,20,40,1,0,0,0
5403.91,6,26,1,0,1,1
13308.51,19,10,1,1,0,1
14112.85,4,17,0,0,1,1
14761.44,23,0,1,1,0,1
6753.72,4,26,0,1,0,0
8344.55,10,7,1,1,1,1
9481.82,22,34,1,0,1,1
2704.89,8,30,1,0,0,0
9967.12,3,12,1,1,0,1
12433.1,18,19,0,1,1,1
10781.69,16,15,0,1,0,0
12690.94,10,37,1,0,0,0
10227.95,6,38,0,1,0,0
7412.23,7,21,0,0,1,0
14311.53,12,27,0,0,0,0
6419.01,20,11,0,1,1,1
12386.99,21,15,1,0,1,1
2759.73,22,36,1,0,1,1
6037.03,10,40,1,1,0,1
1125.32,9,1,1,0,1,1
441.97,16,14,1,1,0,1
4371.39,0,15,1,0,0,0
11072.84,7,34,1,0,1,1
10559.55,5,2,1,1,0,1
11809.61,23,19,1,1,0,1
1478.9,16,25,1,0,0,0
4073.35,13,13,0,1,1,1
7805.0,9,30,0,1,0,0
11726.67,20,23,1,0,0,1
3690.45,19,9,0,0,1,0
5011.53,12,23,1,0,0,0
9085.31,6,15,1,0,0,0
12224.43,3,29,0,0,1,1
9243.72,15,27,0,0,1,1
2971.51,11,11,0,1,0,0
12464.37,17,6,1,0,1,1
1155.01,9,0,0,1,0,0
14086.61,20,22,1,0,1,1
14336.4,22,9,0,1,0,0
11868.15,12,19,1,1,0,1
12836.76,14,28,1,0,1,1
8656.03,11,38,1,0,1,1
10571.98,8,6,1,1,0,1
5052.38,4,30,1,0,0,0
14286.35,22,39,0,0,0,0
8873.94,6,14,1,1,0,1
6603.04,22,14,1,1,0,1
10952.34,9,6,1,0,1,1
3022.41,7,25,1,1,1,1
4027.43,12,27,1,0,0,0
11253.76,0,8,1,0,0,1
12833.51,1,27,1,0,1,1
5230.91,17,32,1,0,0,0
3267.34,10,21,0,1,0,0
12004.55,2,10,1,0,1,1
11206.36,15,1,0,1,1,1
6176.2,6,8,1,0,0,0
3244.0,8,5,0,0,1,0
14036.95,8,2,0,1,0,0
14012.65,4,40,1,1,0,1
7873.36,17,6,0,0,1,0
562.63,7,17,0,0,1,0
3702.73,11,24,0,1,1,1
13048.9,18,25,1,0,1,1
7948.93,4,3,1,0,0,0
11249.95,9,39,0,1,1,1
11051.64,20,37,1,1,0,1
7524.44,6,40,1,0,0,0
226.58,8,10,0,0,0,0
694.67,14,35,1,1,0,0
14457.32,13,27,0,1,0,0
10415.12,7,6,0,0,1,1
10305.92,5,3,1,1,1,1
8525.64,10,30,0,0,1,1
3648.47,8,35,0,1,0,0
3374.77,6,24,0,0,1,0
4211.38,5,10,1,1,1,1
11416.31,9,7,1,0,0,0
4400.09,13,39,0,0,0,0
10940.56,1,23,0,0,0,0
8620.17,5,33,1,1,1,1
5348.71,10,8,0,0,0,0
6869.12,1,33,1,0,0,0
3811.55,20,18,1,1,1,1
14094.95,8,5,0,0,1,1
12291.09,17,9,1,0,1,1
1845.88,18,36,0,1,1,1
11013.06,18,21,0,0,0,0
673.68,16,37,0,1,0,0
8681.11,14,0,1,0,0,1
8015.81,17,16,1,0,0,0
12504.0,17,13,0,0,1,1
12565.67,10,38,1,1,0,1
2097.74,23,1,0,1,1,1
3878.17,5,24,1,0,0,0
5862.37,12,10,0,1,1,1
12971.82,17,37,0,0,1,1
14602.83,10,15,0,1,0,0
10326.37,21,11,0,1,1,1
714.6,22,30,1,0,1,1
13459.14,1,14,0,1,0,1
14409.05,20,40,0,1,1,1
12927.78,18,26,0,0,0,0
9334.05,7,33,0,1,0,0
14798.87,19,40,1,1,1,1
4929.0,4,30,0,1,1,1
335.28,2,38,0,1,1,1
3772.25,0,34,0,1,0,0
14254.0,0,39,0,0,0,0
14230.39,2,7,0,0,0,0
9364.82,7,31,0,1,0,0
6773.71,22,5,1,1,0,1
2739.54,3,32,0,0,1,0
10281.23,2,9,1,0,0,1
14059.71,17,3,1,1,0,1
1192.77,18,24,1,1,1,1
725.06,8,23,1,1,1,1
7132.57,12,14,1,0,0,0
6809.07,8,20,0,1,1,1
12807.74,21,8,1,0,0,1
7036.23,4,0,0,0,0,0
427.91,11,27,0,1,1,1
1379.23,0,20,1,0,0,0
13694.93,8,37,0,0,0,0
6024.45,6,6,1,0,1,1
12031.16,23,35,0,0,0,0
5942.64,22,34,0,1,1,1
5432.97,6,11,0,0,1,0
11541.9,17,40,0,0,0,0
6217.44,20,24,1,1,1,1
5470.0,9,17,0,0,0,0
1995.65,7,5,1,1,0,0
4945.65,21,36,0,0,0,0
14345.86,1,29,1,0,1,1
13866.8,22,37,0,0,0,0
12770.2,14,4,0,1,0,1
9806.29,11,9,1,1,0,1
8022.14,8,28,0,0,1,1
5684.78,6,20,1,1,0,1
140.52,12,31,1,1,1,1
10133.86,13,25,1,1,1,1
7961.82,1,13,1,1,1,1
5296.52,21,1,1,1,0,1
9833.55,5,14,1,0,1,1
4541.57,9,18,0,0,0,0
150.08,4,8,1,0,0,0
9873.52,21,19,1,1,1,1
4331.77,10,29,1,0,1,1
10887.32,11,4,1,1,1,1
8850.33,15,3,1,0,0,0
1157.88,23,37,1,0,1,1
4206.59,9,37,0,1,0,0
13072.12,22,14,0,0,0,0
1941.8,13,33,0,0,0,0
10802.74,18,8,1,1,1,1
12510.18,17,30,0,0,0,0
13603.63,7,5,0,1,1,1
5693.34,18,7,1,0,1,1
4361.99,18,14,1,1,0,0
5123.94,23,15,1,1,1,1
2483.05,12,20,0,0,1,0
14209.94,21,30,0,0,0,0
3364.67,8,23,0,1,1,1
4219.89,7,29,1,1,0,1
9663.68,3,31,0,0,1,1
5373.1,3,36,1,0,1,1
6211.24,6,5,1,1,0,1
10649.7,1,23,1,0,0,1
6619.3,4,1,0,1,0,0
1133.14,7,4,1,0,0,0
351.76,6,1,1,0,1,1
8322.28,2,30,0,0,0,0
7446.14,18,13,0,0,0,0
2113.11,7,0,1,0,1,1
12943.92,10,6,1,1,1,1
11851.74,20,2,0,1,0,0
11414.54,17,4,0,0,1,1
2103.54,8,19,0,1,0,0
7949.41,14,13,1,1,1,1
8010.72,21,4,0,1,0,0
14818.33,0,12,1,0,1,1
11026.95,1,9,1,0,0,1
4173.19,16,19,1,0,1,1
14876.21,11,0,0,1,0,1
5379.67,3,40,1,1,0,1
4591.61,4,11,1,0,0,0
9692.28,1,23,1,0,0,1
12820.22,22,10,1,0,1,1
8041.19,15,37,0,0,0,0
13276.34,8,40,0,0,0,0
478.21,3,30,0,0,0,0
13061.84,13,1,0,1,0,0
6740.56,9,37,0,1,1,1
5053.9,8,18,1,1,0,1
5106.19,10,18,0,0,1,0
9831.92,7,16,1,0,1,1
8481.52,18,27,0,0,0,0
2152.26,20,20,0,1,0,0
8151.11,21,38,0,1,1,1
12357.9,21,14,0,0,0,0
8729.25,22,5,1,0,0,0
7689.68,14,21,1,0,1,1
5349.3,22,23,1,1,1,1
9114.96,16,28,0,0,1,1
3556.99,17,2,0,0,1,0
10039.21,21,28,0,1,1,1
13620.34,1,4,1,1,1,1
3283.93,19,29,0,1,1,1
8640.84,14,19,0,0,0,0
14254.76,17,31,0,1,0,0
8618.95,9,39,0,1,1,1
6594.58,10,5,0,0,0,0
5247.58,22,40,1,0,0,0
6151.85,8,34,1,1,1,1
14989.95,14,35,1,1,1,1
10774.79,16,30,0,0,1,1
10266.3,6,7,0,1,0,0
4221.96,18,23,1,1,0,0
4344.63,19,29,1,0,0,0
8772.22,6,19,0,1,0,0
6667.94,18,19,0,1,1,1
56.06,9,6,0,1,1,1
7966.13,16,25,1,0,0,0
5843.54,22,33,1,1,1,1
5670.57,10,6,0,1,0,0
476.13,21,27,1,1,0,0
7864.64,11,21,1,0,0,0
4496.02,23,10,1,1,0,0
3314.86,0,3,0,1,1,1
1920.75,19,7,0,1,1,1
6554.97,7,23,0,1,1,1
14661.76,5,2,0,1,1,1
12565.7,3,21,0,0,1,1
3862.24,22,32,0,1,0,0
10060.91,22,33,0,0,1,1
10534.78,5,38,0,1,1,1
7067.39,19,19,0,0,0,0
9834.39,7,26,1,0,1,1
13054.81,0,19,1,1,0,1
3295.7,2,4,1,0,0,0
11809.19,15,10,0,1,0,0
4064.89,7,3,1,0,0,0
3152.03,6,13,0,1,1,1
3177.7,21,5,1,0,1,1
13415.25,8,16,1,0,0,0
224.85,19,36,0,0,0,0
12005.25,14,3,1,1,0,1
13772.13,2,13,0,0,0,0
12566.15,4,23,1,1,0,1
5880.94,14,29,0,0,0,0
4603.57,1,3,1,1,1,1
11329.93,4,5,0,1,0,1
2922.27,4,14,0,0,0,0
11444.85,16,6,0,1,0,1
9206.17,16,16,1,0,1,1
14778.86,12,24,1,0,0,0
4989.91,5,13,1,1,1,1
1560.45,23,9,0,1,0,0
13372.29,4,4,1,0,1,1
14401.24,19,17,0,0,0,0
8258.19,12,13,0,0,1,1
13380.55,16,19,0,0,1,1
7954.08,8,9,0,1,1,1
9622.43,20,35,1,1,0,1
5205.34,13,10,0,1,1,1
10787.88,12,10,0,1,0,0
3709.76,19,15,0,0,1,0
5897.23,15,32,0,1,0,0
784.41,6,35,1,1,0,0
258.39,5,18,1,1,1,1
12450.57,8,22,0,0,0,0
8047.63,22,6,0,1,0,0
11659.81,23,37,1,1,1,1
5003.67,0,25,0,1,1,1
10430.84,2,23,0,1,0,1
9608.94,12,31,0,0,1,1
4688.41,4,35,0,1,0,0
13347.79,11,12,1,0,0,0
8725.6,9,6,0,1,1,1
3787.62,3,25,0,0,0,0
8769.31,4,16,1,0,1,1
9024.57,1,38,0,1,0,1
3110.56,19,1,0,0,1,0
2806.0,14,29,1,1,0,0
14833.53,8,28,1,1,0,1
4121.29,3,5,0,1,0,0
7749.58,19,27,0,1,0,0
9838.9,13,4,0,1,0,0
8556.92,2,24,0,0,1,1
9418.04,4,23,1,1,0,1
4388.09,15,40,1,1,0,0
7466.22,0,34,0,0,0,0
7237.85,10,3,1,0,1,1
2187.26,19,11,1,1,0,0
8807.78,1,22,1,0,0,1
2261.78,19,39,1,0,1,1
3919.11,1,29,1,1,1,1
12072.05,15,1,0,1,0,0
11448.14,3,31,0,1,1,1
7807.63,2,7,0,0,0,0
9179.76,21,20,1,1,1,1
10500.82,13,11,0,1,1,1
9419.68,0,6,0,1,1,1
12262.59,10,21,0,1,1,1
8614.24,15,32,1,0,0,1
11803.12,2,5,0,0,1,1
3209.6,1,29,0,0,1,0
9294.0,5,7,1,1,0,1
14273.76,18,24,1,1,1,1
6422.11,15,39,1,0,1,1
5738.59,20,24,0,0,0,0
9107.21,14,15,1,1,1,1
1002.52,20,30,0,1,1,1
10503.45,15,19,0,0,1,1
2945.84,6,16,0,0,1,0
3495.61,23,15,1,0,1,1
5770.92,8,32,1,1,0,1
6816.51,7,5,1,1,1,1
3178.77,20,17,1,0,1,1
11922.01,9,19,0,0,1,1
7392.16,8,38,1,0,0,0
9255.73,17,21,1,0,1,1
10937.09,18,21,1,1,1,1
9540.74,4,27,0,0,0,0
11567.82,6,14,1,0,1,1
9106.52,15,35,0,1,1,1
13832.48,11,12,0,0,0,0
12978.54,4,15,1,0,1,1
5291.42,17,27,0,0,1,0
13391.31,9,36,1,0,0,1
7227.18,15,37,1,1,1,1
3706.02,19,12,0,1,0,0
156.31,23,22,0,1,1,1
8782.81,9,31,1,0,1,1
3746.48,12,21,1,1,0,0
8469.6,13,11,1,0,1,1
10508.36,3,32,0,0,1,1
1105.53,11,29,0,1,1,1
6035.65,16,12,0,1,1,1
14540.7,17,35,0,0,0,0
7335.8,15,14,1,1,0,1
2582.91,22,31,0,0,1,0
14638.51,17,24,0,1,1,1
8677.82,0,3,1,1,0,1
13789.69,19,11,1,1,1,1
9181.14,17,36,0,1,1,1
3292.85,9,7,1,1,1,1
3956.28,16,32,1,0,0,0
6697.79,3,29,0,0,0,0
1121.48,15,21,0,1,1,1
10746.28,12,15,0,0,1,1
13581.62,5,2,1,1,0,1
13813.96,20,19,0,1,0,0
1580.31,18,16,0,1,0,0
10867.21,11,23,1,0,1,1
10187.15,6,10,0,1,1,1
10778.26,21,16,0,1,0,0
1696.62,23,30,0,1,0,0
5369.76,22,23,0,1,0,0
14596.35,1,18,1,1,0,1
4689.73,0,5,0,0,1,0
1081.82,19,20,0,1,1,1
5102.01,15,4,0,1,0,0
10074.42,5,22,1,1,1,1
12744.45,23,38,1,1,0,1
11883.64,23,19,0,0,0,0
9984.96,19,4,0,0,0,0
10303.92,22,25,0,1,1,1
9766.5,8,16,0,1,0,0
6357.18,16,32,1,0,1,1
4528.4,6,7,1,0,1,1
807.61,18,20,0,1,1,1
10688.28,3,8,1,0,1,1
14504.14,21,13,1,0,0,1
310.85,19,16,0,1,1,1
3964.1,11,26,0,0,1,0
11735.15,3,31,1,0,1,1
4482.21,2,27,1,0,0,0
12068.8,23,3,1,0,0,0
279.67,19,38,1,1,0,1
8571.49,15,38,0,1,0,0
7418.3,19,13,1,0,1,1
319.25,16,2,0,1,0,0
4128.5,0,17,0,1,0,0
5918.64,6,24,0,0,0,0
5861.77,18,22,1,1,0,1
1283.64,0,28,1,1,1,1
5300.02,22,14,0,1,1,1
2065.66,22,39,1,1,0,0
1767.98,6,10,1,0,1,1
2707.22,18,16,1,0,0,0
2360.8,2,27,0,1,1,1
10606.61,21,1,0,0,0,0
1552.43,10,11,0,1,0,0
10812.91,13,10,1,1,0,1
10314.07,1,26,0,1,0,1
8981.87,12,32,0,0,1,1
8214.73,18,29,0,1,0,0
541.43,7,29,0,1,0,0
14772.74,21,15,1,1,0,1
13883.21,16,22,1,0,1,1
212.28,13,6,0,1,1,1
6117.12,23,11,0,1,1,1
11766.16,8,14,0,1,0,0
14515.67,8,4,0,1,0,1
11605.34,14,38,1,0,1,1
7096.77,0,26,1,1,0,1
12002.74,0,28,1,0,0,1
13353.68,10,6,0,1,1,1
6965.02,19,32,1,0,0,0
2003.04,6,4,0,1,1,1
14906.59,10,20,1,1,0,1
2673.5,9,13,1,1,1,1
10236.16,1,38,0,1,0,1
3780.28,2,11,1,0,0,0
5929.94,12,21,0,1,0,0
14238.8,3,24,0,1,0,1
9104.11,1,40,0,1,1,1
1909.39,0,3,0,0,1,1
6593.68,6,12,1,1,0,1
14116.41,9,23,1,1,1,1
5530.86,0,33,1,0,0,0
12377.97,22,31,0,1,1,1
6570.51,22,7,0,1,0,0
14657.65,7,3,0,1,1,1
6256.14,2,17,0,0,0,0
12514.09,1,37,0,1,1,1
10488.01,4,11,0,0,0,0
1774.49,12,11,1,1,1,1
2595.49,2,24,0,1,0,0
9495.55,16,23,1,0,0,0
6803.52,20,14,1,1,0,1
9529.44,4,9,1,0,1,1
12667.79,6,7,0,1,0,1
7897.88,14,3,1,1,1,1
7456.54,15,9,1,0,1,1
7186.59,21,15,0,1,1,1
11162.21,15,17,1,1,1,1
11761.09,7,34,0,1,1,1
14.99,15,21,1,0,0,0
6416.3,8,8,0,1,0,0
14703.43,7,25,0,1,0,0
4464.45,11,3,0,0,0,0
5175.23,2,19,0,0,0,0
12046.92,13,32,1,0,0,0
13019.96,16,3,1,1,1,1
7025.84,4,20,0,0,0,0
2446.24,1,28,0,0,0,0
9622.75,18,32,0,1,0,1
14938.85,16,4,0,0,1,1
1640.22,2,2,0,1,0,0
5163.71,4,8,0,1,1,1
9107.94,4,7,0,0,1,1
249.17,2,18,1,1,1,1
3413.96,10,12,1,0,0,0
652.87,12,22,1,0,1,1
451.07,22,18,1,1,1,1
3578.43,8,25,1,1,1,1
6998.69,16,1,0,1,1,1
60.01,11,22,0,1,1,1
10470.38,12,1,0,1,1,1
14244.51,12,23,1,1,0,1
4634.12,12,36,1,0,1,1
1328.6,2,9,0,0,0,0
131.36,5,6,0,1,1,1
14494.54,18,15,1,1,0,1
10957.63,19,28,1,0,1,1
14521.59,16,40,1,0,0,0
9020.43,17,32,0,1,0,0
12026.57,10,34,0,1,0,1
1481.93,13,40,0,1,1,1
6111.02,2,16,1,0,0,0
7999.75,5,3,1,0,1,1
6329.65,6,0,0,0,1,1
1640.14,11,6,0,0,1,0
8420.34,13,11,0,0,0,0
14913.68,5,25,1,0,1,1
13443.68,22,6,0,0,1,1
7949.66,19,17,0,0,0,0
11452.5,4,7,0,0,1,1
10610.95,1,27,1,1,0,1
2473.15,8,9,0,1,0,0
2495.46,15,24,1,0,1,1
5125.06,11,36,1,0,0,0
9003.57,15,14,0,1,1,1
8949.41,20,22,1,1,1,1
13602.06,2,27,1,1,1,1
2350.41,2,8,1,0,0,0
2218.76,22,2,0,0,1,0
6005.49,21,29,1,1,0,1
9494.15,15,34,1,0,1,1
13650.33,22,26,1,1,1,1
9859.34,8,23,0,1,1,1
7273.16,19,11,0,1,0,0
1005.5,1,8,1,1,0,1
11105.92,6,2,1,1,1,1
4629.21,19,32,1,0,0,0
3158.44,20,18,0,1,1,1
12870.76,19,26,1,1,1,1
10703.08,22,11,1,0,0,0
13453.75,14,20,1,1,0,1
6322.51,4,33,0,1,0,1
801.68,0,15,1,0,1,1
12366.82,4,13,0,0,1,1
7415.81,2,26,1,0,1,1
667.18,13,37,1,0,1,1
6923.17,10,20,1,1,0,1
4060.48,5,7,1,1,0,0
12709.44,14,13,1,0,1,1
5657.86,9,22,1,1,1,1
12818.72,10,6,0,1,0,0
1240.23,14,1,1,1,1,1
14472.48,21,32,0,1,0,1
13480.88,6,7,1,1,0,1
5854.83,22,3,1,0,1,1
8932.72,6,37,0,1,1,1
6257.98,15,27,0,1,0,0
637.32,23,35,1,1,0,1
11161.15,10,2,1,1,1,1
3938.07,19,24,1,1,0,0
4037.2,8,23,0,1,1,1
10742.64,2,14,1,1,0,1
6977.33,12,26,1,1,0,1
13295.96,23,39,1,1,1,1
12586.3,8,7,0,1,1,1
14756.63,14,9,1,0,1,1
5924.71,14,35,0,1,1,1
4510.48,22,16,0,0,0,0
5417.78,14,33,0,1,0,0
10679.29,10,1,0,0,0,0
871.62,9,5,1,1,0,0
13162.3,11,15,0,0,0,0
4590.38,2,11,1,1,1,1
4528.5,8,24,1,1,1,1
14518.04,4,2,0,1,0,1
8276.72,20,38,1,1,0,1
5408.3,7,30,1,0,0,0
4994.2,20,1,0,0,0,0
14998.96,23,37,1,0,1,1
4218.91,10,32,0,1,0,0
10284.66,7,18,1,1,0,1
5211.76,5,17,0,1,1,1
8403.55,14,36,0,0,0,0
11069.25,22,11,0,1,1,1
6233.32,4,29,1,0,0,0
13717.31,11,27,1,1,0,1
9949.03,2,36,1,0,1,1
286.77,8,8,1,1,1,1
2819.9,18,38,0,1,0,0
11200.46,3,23,0,0,1,1
14880.95,21,6,1,1,1,1
7705.78,22,24,0,0,0,0
2471.78,1,6,0,1,0,0
10559.36,3,20,1,0,1,1
10625.07,10,13,0,1,0,1
6119.77,23,24,0,0,1,0
10876.39,10,8,0,1,1,1
3137.57,17,1,0,1,0,0
2514.41,1,27,0,0,1,1
13293.56,13,0,0,1,0,1
12334.86,12,33,1,1,1,1
347.32,5,31,1,0,0,0
5341.72,22,9,1,1,0,1
835.2,3,2,1,1,0,1
1453.95,22,9,0,1,1,1
4096.99,12,31,0,1,1,1
2198.04,14,11,0,0,0,0
8788.91,19,37,1,1,1,1
10585.53,20,25,0,1,1,1
11340.51,14,35,0,1,1,1
10129.03,6,33,0,1,0,0
7238.04,19,20,0,1,1,1
3072.25,18,16,0,0,1,0
5338.78,23,25,0,1,0,0
7987.67,1,38,1,1,1,1
4170.01,22,3,0,0,1,0
12410.27,10,37,1,0,0,1
3719.56,19,40,0,1,0,0
2146.33,2,38,0,1,0,0
10090.62,14,35,0,1,0,0
287.45,20,1,1,0,0,0
8993.82,21,11,0,0,1,1
13983.42,4,30,1,1,1,1
98.38,19,10,0,1,0,0
12169.8,18,11,1,1,1,1
6550.12,13,15,1,1,1,1
12075.99,5,35,0,1,1,1
7664.79,14,34,0,1,1,1
4304.61,11,28,0,0,0,0
14304.66,20,2,0,0,0,0
6038.46,5,35,0,0,0,0
12861.49,19,10,1,0,1,1
10280.24,0,25,1,1,1,1
497.16,12,9,0,0,1,0
2774.76,9,8,1,1,1,1
1942.54,14,40,0,0,1,0
501.93,21,36,0,1,0,0
1578.73,9,4,0,0,0,0
9526.34,18,33,1,1,1,1
10421.75,20,37,0,1,0,0
2103.71,1,20,0,1,1,1
11686.71,15,23,0,0,1,1
159.69,13,35,0,1,1,1
12574.28,16,12,1,1,0,1
13938.69,10,40,1,0,1,1
4821.01,16,31,1,1,0,0
9481.43,12,5,0,0,1,1
13832.19,0,8,0,0,1,1
12572.35,14,0,0,1,0,1
12025.11,10,11,0,0,1,1
14097.95,1,23,1,1,0,1
4641.11,20,15,0,0,0,0
10042.08,10,19,0,0,1,1
10548.87,8,10,0,1,0,0
74.57,19,10,1,1,0,1
9621.19,6,20,0,1,0,0
6160.18,6,4,0,0,1,0
8465.17,22,19,1,1,1,1
13221.55,22,33,1,1,0,1
10670.82,18,28,1,1,0,1
14025.02,0,26,1,1,1,1
9836.0,3,1,1,0,1,1
8378.69,17,29,0,1,0,0
1301.52,14,5,1,0,0,0
8671.09,9,34,0,1,1,1
9667.02,12,1,1,0,1,1
11593.03,6,34,1,1,0,1
13020.1,16,10,0,1,0,0
3449.71,2,35,0,1,0,0
13035.22,13,39,1,0,1,1
13480.37,3,10,1,1,1,1
2068.14,11,10,0,0,0,0
9730.29,21,37,0,0,0,0
10961.86,16,17,0,0,0,0
9059.49,7,1,0,1,1,1
6652.61,1,1,0,1,0,0
10932.44,6,19,1,1,1,1
14005.68,18,17,1,0,1,1
1187.8,13,1,0,0,0,0
1270.3,17,34,0,0,0,0
1867.87,7,31,1,1,0,0
11959.98,1,33,1,1,0,1
8448.06,13,15,0,0,0,0
10582.16,18,0,1,0,0,1
14434.55,23,38,0,0,0,0
14707.37,19,38,1,0,1,1
7886.75,1,3,1,0,0,0
615.92,15,7,1,0,0,0
7257.27,9,35,1,1,1,1
6869.85,11,4,1,1,0,1
10054.36,23,13,1,0,0,1
10357.46,13,28,0,1,0,0
5576.68,20,7,0,1,0,0
5899.32,17,18,1,0,0,0
11441.57,22,40,0,0,0,0
1852.51,17,3,0,0,1,0
6251.9,21,7,0,0,1,0
3479.05,1,28,1,1,1,1
2764.85,8,21,0,1,0,0
1180.75,16,24,1,0,0,0
10096.98,3,6,1,0,0,1
13219.61,5,14,0,1,0,0
12682.52,3,34,0,0,1,1
13692.53,18,20,0,0,0,0
14688.13,13,28,1,1,1,1
10555.85,21,35,1,0,0,1
12845.21,19,20,0,1,0,0
13668.19,9,14,1,0,1,1
6714.05,7,14,0,0,1,0
4063.09,15,22,1,0,0,0
6440.76,9,20,0,1,0,0
1411.97,23,34,1,1,1,1
8340.34,14,23,1,0,1,1
10164.52,23,31,1,1,1,1
12483.31,12,26,0,0,1,1
8760.92,9,0,0,0,0,0
13172.46,20,10,0,1,1,1
7671.99,11,37,1,0,0,0
12183.76,14,21,0,1,1,1
14630.08,7,27,0,0,0,0
10664.67,9,4,1,0,1,1
6720.63,10,19,0,0,1,0
9182.59,4,39,0,0,1,1
12191.78,20,12,1,1,1,1
12211.9,4,11,1,0,1,1
12592.6,22,7,0,0,1,1
11707.54,21,34,1,1,0,1
11495.49,5,23,1,0,1,1
4434.93,12,25,1,0,1,1
3127.42,14,10,0,0,0,0
14943.84,14,29,1,1,1,1
1665.38,0,6,1,0,0,0
8745.15,1,21,1,1,0,1
7873.79,18,19,1,0,0,0
9968.3,3,38,0,1,0,1
12765.14,21,5,1,0,1,1
6900.71,5,19,1,0,1,1
6954.36,17,33,0,1,1,1
11139.08,13,36,0,1,1,1
6571.44,8,36,0,1,1,1
14009.9,0,25,0,1,1,1
6360.32,22,8,0,0,1,1
5163.28,17,4,0,0,1,0
4587.79,9,15,0,0,0,0
10148.74,10,38,1,0,1,1
6432.73,17,10,0,0,0,0
2205.14,4,8,1,0,1,1
2581.84,13,10,0,1,1,1
8376.26,11,13,0,1,0,0
5448.37,1,31,1,0,1,1
13610.83,18,32,0,1,1,1
3336.63,16,9,0,0,0,0
6590.28,21,1,1,1,1,1
5950.08,9,38,0,0,0,0
1713.61,16,33,0,1,1,1
6339.09,4,29,0,0,0,0
4060.93,14,8,0,0,1,0
5172.63,6,34,1,1,1,1
13154.69,18,27,1,1,1,1
4134.29,6,33,1,0,0,0
5935.09,1,1,1,1,1,1
12366.59,19,9,1,0,0,0
810.54,8,9,0,0,1,0
12251.59,9,8,1,1,1,1
2391.51,21,40,1,1,1,1
3156.32,20,31,0,1,1,1
5647.81,12,24,0,1,1,1
6833.0,5,30,0,0,1,0
11280.63,18,15,0,1,1,1
6817.13,21,28,1,0,0,0
2557.05,4,34,1,1,0,1
14730.09,19,0,0,0,1,1
10210.25,2,6,0,1,0,1
642.0,21,40,0,0,1,0
6810.27,15,17,0,0,1,0
9072.86,17,14,0,1,1,1
8748.82,14,30,1,1,1,1
662.65,0,16,0,1,1,1
8559.11,16,2,1,1,0,1
12437.54,2,9,1,0,1,1
7520.87,1,15,0,0,0,0
13210.66,21,32,1,0,0,1
7515.45,15,19,1,1,1,1
11468.33,12,23,0,1,0,0
5443.05,0,6,1,1,1,1
3368.9,7,0,1,0,0,0
600.04,23,11,0,1,0,0
6060.29,23,17,1,1,0,1
3948.25,8,0,0,1,1,1
11934.9,10,21,1,0,1,1
10257.11,8,2,0,0,0,0
6759.08,11,30,1,0,1,1
11907.83,16,0,0,1,0,1
1635.45,11,22,1,0,1,1
9987.1,16,23,0,1,1,1
5835.38,2,7,0,0,1,1
9415.47,14,1,0,1,0,0
12206.34,3,24,1,0,1,1
12789.47,7,27,0,1,0,0
7755.0,11,10,0,0,0,0
6735.79,16,6,1,1,0,1
7280.15,23,32,0,0,1,1
14097.84,6,20,1,0,0,0
2378.46,11,9,0,0,1,0
9423.57,21,19,0,0,1,1
2093.47,2,39,1,0,1,1
12892.22,10,3,0,0,1,1
1665.71,13,2,0,0,0,0
8944.11,12,15,0,0,0,0
12497.73,6,29,0,1,0,1
9763.87,8,14,1,0,0,1
3611.42,20,38,0,1,1,1
8998.53,7,37,1,0,1,1
12047.94,23,15,1,1,0,1
12396.9,19,30,1,0,1,1
6919.09,7,11,1,1,0,1
7690.33,20,14,1,0,0,0
8620.38,12,22,0,0,1,1
5324.42,2,23,0,0,0,0
14820.29,3,8,0,1,1,1
2769.13,11,16,0,1,0,0
1931.4,15,18,0,1,1,1
9040.35,12,11,0,0,0,0
4661.94,2,1,0,1,1,1
11573.25,14,15,1,0,1,1
11589.51,22,14,1,1,0,1
6111.21,4,0,1,1,0,1
6082.9,16,28,1,1,0,1
5836.32,19,11,0,0,1,1
12125.1,8,40,1,1,1,1
962.03,11,5,0,0,0,0
1995.61,21,25,1,1,0,1
3972.12,22,7,0,1,1,1
5342.3,22,36,0,1,1,1
14343.19,1,23,0,0,0,0
10860.51,2,40,1,0,1,1
2490.55,17,39,1,1,0,1
4652.08,18,38,1,1,1,1
12125.29,14,25,1,0,0,0
14086.48,10,22,1,0,1,1
3086.12,14,16,1,0,0,0
2823.52,22,40,1,1,1,1
4327.69,12,15,1,0,1,1
14427.83,14,32,0,0,1,1
7610.12,9,34,1,0,1,1
7659.74,8,11,0,0,1,1
7626.83,20,31,1,0,1,1
11989.78,21,18,0,1,0,0
9424.4,16,23,0,1,1,1
6242.86,23,13,1,0,0,0
5287.83,2,9,0,1,1,1
14658.68,5,15,0,1,1,1
10112.49,22,33,1,0,1,1
14979.74,20,7,1,1,0,1
9900.12,10,15,1,0,0,0
1154.77,19,32,1,1,1,1
198.8,13,19,1,0,0,0
360.9,10,2,1,1,0,0
13168.77,14,31,0,0,1,1
6148.01,23,32,0,1,0,0
300.43,3,14,1,1,1,1
4990.0,1,2,0,1,1,1
3685.23,17,29,0,1,1,1
1244.44,4,9,1,1,1,1
2992.04,10,10,0,1,1,1
6892.22,5,7,0,1,1,1
4241.29,17,4,1,1,0,1
14769.77,9,34,0,0,0,0
11235.62,16,6,0,0,0,0
4922.39,23,31,0,1,0,0
10576.24,16,15,1,0,0,0
6153.13,3,2,1,1,0,1
7589.0,4,27,1,0,0,1
9931.06,17,24,1,1,1,1
12671.98,4,28,0,1,0,1
482.48,17,2,0,1,1,1
9422.34,21,6,0,0,0,0
12902.43,5,12,1,0,1,1
10733.31,12,9,1,0,0,0
866.59,23,0,0,0,1,0
10660.49,6,34,0,0,0,0
7951.39,1,17,1,1,1,1
2913.13,18,31,0,0,0,0
2915.42,7,1,0,1,0,0
963.0,4,22,0,1,1,1
7331.89,23,23,0,1,0,0
14989.65,9,27,0,1,0,0
9545.99,0,1,0,1,1,1
13667.47,6,18,1,1,0,1
14110.39,23,4,0,0,0,0
1782.38,5,4,0,1,1,1
10228.21,20,0,0,0,1,1
11698.68,14,2,1,1,1,1
2793.43,12,20,1,1,0,1
7414.8,13,17,1,1,1,1
11730.27,1,7,1,0,0,1
10911.57,20,33,1,0,1,1
6926.14,13,20,1,1,1,1
7205.53,22,24,0,0,1,1
2846.83,17,40,0,1,0,0
4369.57,13,16,0,1,0,0
10424.11,0,19,1,1,0,1
53.88,18,19,0,0,1,0
8431.23,6,20,0,0,0,0
3071.48,20,37,0,1,0,0
13190.54,23,40,0,0,0,0
8227.82,1,11,0,1,0,1
3538.92,16,4,0,0,0,0
4792.75,8,15,1,1,1,1
7725.04,9,7,1,1,1,1
6756.57,10,11,1,0,0,0
13127.06,19,25,1,1,0,1
12146.47,6,38,0,0,1,1
5048.63,16,31,1,1,1,1
13139.48,15,37,0,1,1,1
10343.1,0,12,0,1,0,1
2546.04,20,35,1,0,1,1
5173.43,21,22,1,1,0,1
1400.91,9,14,0,1,1,1
13223.51,15,1,0,0,1,1
8333.26,12,4,0,1,0,0
2169.88,7,10,1,0,1,1
2006.9,19,16,1,0,1,1
11849.22,6,25,1,0,1,1
9681.21,23,32,1,1,1,1
3387.11,19,38,0,0,0,0
10267.58,9,28,0,0,1,1
6246.24,5,33,0,1,1,1
389.53,17,33,0,0,1,0
5993.01,0,38,1,1,0,1
5027.35,12,7,1,1,1,1
4586.0,21,5,1,1,0,0
10681.49,8,12,1,1,0,1
11831.69,18,12,1,0,0,1
914.34,19,25,0,0,1,0
10226.28,20,17,0,0,0,0
14691.39,6,10,1,1,0,1
13492.22,8,27,1,0,1,1
2050.36,13,18,1,1,1,1
2080.33,10,33,1,0,0,0
7391.09,14,6,0,1,0,0
2580.82,11,28,0,0,0,0
6223.66,3,40,1,1,1,1
9203.72,3,27,1,1,1,1
8807.15,23,3,1,0,1,1
13832.21,15,21,1,1,0,1
1282.17,22,25,1,1,0,0
3971.33,7,37,0,1,0,0
10664.65,1,27,1,0,0,1
6370.03,10,6,0,0,1,0
6489.27,12,3,1,1,0,1
9454.56,13,17,1,0,0,0
14288.62,20,16,0,1,0,1
3917.55,16,32,0,1,0,0
9954.02,23,22,1,0,1,1
2458.39,6,20,1,1,0,0
12990.3,16,38,1,1,1,1
5377.3,4,8,1,1,1,1
4068.95,8,32,1,0,0,0
7167.89,15,17,1,0,0,0
2156.56,15,3,0,1,0,0
1073.78,22,36,1,1,0,0
5616.53,22,18,0,0,1,1
13410.05,23,36,1,0,1,1
9717.52,14,36,0,1,1,1
9961.73,19,32,0,0,0,0
11929.75,18,27,0,0,0,0
10142.78,15,38,1,0,1,1
14054.18,15,7,0,0,1,1
3812.67,5,5,1,0,0,0
14645.09,17,11,1,0,0,0
6779.35,3,6,1,0,1,1
3056.18,2,38,1,0,0,0
7519.65,8,30,1,1,0,1
11685.69,7,12,0,1,0,0
7991.53,20,18,1,1,1,1
6245.65,6,1,1,1,0,1
1300.18,23,24,1,0,0,0
2245.84,15,3,1,0,1,1
14362.46,9,1,1,1,0,1
2704.39,19,29,1,0,0,0
14842.62,8,26,1,1,1,1
6176.81,22,3,1,1,0,1
5318.84,19,33,1,0,1,1
2493.11,23,38,0,1,1,1
9375.67,2,13,0,0,1,1
2232.8,11,5,1,1,1,1
7607.74,6,37,1,0,1,1
7605.24,8,21,0,0,0,0
3256.43,7,38,1,1,0,0
5654.85,23,9,0,0,0,0
7755.49,9,29,1,1,0,1
14401.57,4,15,1,1,1,1
10344.91,22,33,0,1,0,1
3244.17,17,29,0,0,0,0
5111.18,21,14,0,0,1,0
14502.08,8,34,1,0,0,0
9466.62,4,10,1,0,0,1
2928.9,21,35,1,0,0,0
3160.87,17,8,0,1,0,0
5987.05,11,20,0,0,0,0
8016.28,10,16,1,0,1,1
9649.06,23,8,0,0,0,0
3364.16,21,14,1,1,1,1
1402.79,21,28,0,1,1,1
12722.11,23,40,0,1,1,1
11224.68,10,1,1,1,0,1
13491.81,8,11,1,1,1,1
6641.56,10,27,0,0,0,0
3653.59,21,32,0,1,1,1
13862.34,8,20,1,1,0,1
2707.7,11,3,1,1,1,1
1010.57,23,15,0,0,1,0
1733.26,17,5,1,0,1,1
3385.81,13,16,0,1,0,0
6947.43,2,28,1,0,0,0
8693.54,12,0,0,1,1,1
3096.62,12,33,0,1,0,0
799.81,20,22,1,0,1,1
5805.5,22,20,0,1,0,0
8376.38,13,4,0,0,1,1
13719.98,21,38,0,0,1,1
2866.25,23,35,1,1,0,0
9366.98,19,11,1,1,0,1
13630.23,20,19,0,1,0,0
12621.68,16,25,1,1,1,1
6414.01,15,30,1,0,0,0
4383.34,0,5,1,0,0,0
13379.46,2,24,0,1,0,1
6946.25,16,27,1,1,0,1
364.39,9,16,0,1,0,0
1392.49,0,35,1,1,0,1
2848.77,7,0,0,1,0,0
13244.27,19,29,1,0,0,0
2570.32,10,38,1,0,1,1
12760.06,16,27,0,0,1,1
1612.39,15,9,0,1,1,1
8146.39,18,10,1,0,1,1
14420.9,22,23,0,1,1,1
14828.89,15,24,0,1,0,0
14963.75,21,2,1,0,1,1
161.21,22,24,0,1,1,1
6648.42,18,28,0,1,0,0
9057.89,5,39,0,1,0,0
10435.96,13,17,0,1,0,1
8199.53,11,26,0,0,1,1
3259.02,12,14,0,1,1,1
3096.51,5,17,0,1,0,0
11924.6,17,0,1,1,1,1
6024.12,15,29,1,0,1,1
2961.39,12,6,1,0,1,1
478.95,8,38,1,1,1,1
5059.03,2,10,1,1,0,1
5584.12,23,23,1,0,1,1
11101.62,20,24,1,0,0,0
14368.36,15,20,1,1,0,1
13147.33,7,29,0,1,1,1
5423.56,17,37,1,1,0,1
11886.64,17,26,0,0,1,1
12379.15,10,38,1,1,1,1
251.21,9,25,1,1,0,0
14740.08,22,6,0,0,1,1
10614.47,0,26,1,1,1,1
3839.55,7,25,1,1,1,1
1311.1,14,36,0,0,0,0
9443.73,20,10,0,1,0,0
3404.56,21,32,0,0,1,0
1178.19,1,39,1,0,1,1
13819.26,15,13,0,0,1,1
6506.79,1,15,0,0,0,0
8992.44,17,34,0,0,1,1
2290.93,21,33,1,0,0,0
12314.55,8,14,0,1,1,1
2200.66,18,32,1,1,1,1
12151.53,2,9,0,1,0,1
2878.22,2,34,0,0,1,0
4322.2,5,22,0,0,0,0
1512.15,20,0,0,0,1,1
3707.34,23,19,0,0,1,0
1703.22,3,19,1,1,0,1
14830.87,0,22,1,1,1,1
9911.19,23,30,1,1,1,1
11722.4,8,28,1,1,1,1
3953.44,1,32,1,1,1,1
13408.19,17,25,1,0,0,0
453.6,21,5,1,0,0,0
14538.14,21,34,0,0,0,0
12795.21,16,4,1,0,1,1
12430.92,2,25,0,0,0,0
14526.64,3,40,0,1,0,1
7974.52,2,11,1,0,1,1
4032.63,11,9,0,0,0,0
5964.94,16,18,1,1,1,1
2707.93,0,40,0,0,0,0
4972.12,22,38,1,1,0,1
11286.0,7,40,0,1,1,1
11861.02,9,0,0,1,0,1
3522.24,11,2,1,1,1,1
11978.67,22,9,0,0,0,0
14820.29,5,21,0,1,1,1
5824.51,8,5,1,0,0,0
9019.53,23,29,0,1,1,1
10951.18,18,11,1,0,0,0
10444.92,10,10,0,1,1,1
12017.09,18,12,1,0,0,0
14793.21,13,21,0,0,0,0
8093.22,9,0,1,1,1,1
520.96,9,21,0,0,1,0
4945.75,0,39,1,0,1,1
6538.13,1,12,0,0,1,1
4104.4,10,39,0,1,1,1
1637.47,11,25,0,1,0,0
3642.85,8,39,0,0,0,0
8729.58,4,35,0,0,0,0
12398.48,22,21,0,1,1,1
7748.78,1,33,0,1,0,0
4136.64,21,13,1,1,0,0
11758.88,20,20,0,1,0,0
11906.87,1,12,0,0,0,0
2769.99,20,17,1,1,1,1
11134.21,17,5,1,0,1,1
6479.26,14,14,1,0,1,1
11675.86,5,16,0,1,0,0
9700.11,15,33,1,0,0,0
1645.05,21,12,1,1,0,0
4433.38,6,15,1,1,1,1
75.77,16,2,1,0,0,0
14612.77,1,0,0,0,1,1
2524.85,17,13,0,1,1,1
2055.11,20,21,0,1,1,1
133.94,20,28,1,1,0,0
5023.56,9,22,0,1,0,0
14755.26,22,37,1,1,1,1
5262.44,10,8,0,0,0,0
11703.38,19,35,1,0,1,1
5356.47,19,38,0,1,0,0
8611.54,16,7,1,1,1,1
154.57,21,5,1,0,0,0
8973.26,23,11,0,0,0,0
10383.78,19,35,0,1,1,1
11413.36,23,25,1,0,1,1
4596.68,10,13,0,1,0,0
9499.46,22,11,0,0,0,0
4395.37,4,19,1,0,0,0
12951.5,5,14,1,1,1,1
8096.75,11,14,0,1,1,1
8883.93,10,31,1,1,0,1
11955.34,2,27,1,0,0,1
8428.28,1,13,0,1,1,1
5915.91,13,27,1,0,1,1
12828.92,8,11,0,1,1,1
673.12,9,2,1,0,0,0
8359.66,21,21,0,1,1,1
3186.8,16,37,1,0,1,1
14057.33,5,38,0,0,0,0
10634.5,0,27,0,0,1,1
1088.1,14,14,1,0,1,1
8821.48,14,28,1,1,0,1
9617.2,23,34,0,1,0,0
6517.1,21,1,0,1,1,1
11218.24,15,39,0,0,0,0
10051.36,6,5,0,0,1,1
1144.62,21,25,1,1,0,0
327.64,10,34,1,0,1,1
1855.56,17,35,1,1,0,0
3756.9,11,3,0,1,1,1
5825.45,20,11,1,0,0,0
9049.86,13,14,0,0,0,0
5352.09,2,25,1,1,1,1
1788.4,17,10,0,1,1,1
11778.94,3,7,0,1,0,1
12691.43,8,25,0,0,1,1
3548.55,8,7,1,0,0,0
13849.38,20,27,1,1,1,1
7691.38,3,25,0,0,1,1
3139.3,18,7,0,0,1,0
8079.87,18,24,0,1,0,0
844.91,1,31,1,0,1,1
122.09,19,13,0,1,1,1
11852.33,2,10,1,0,1,1
12519.64,14,8,0,0,1,1
1295.53,7,4,1,1,0,0
6726.2,20,33,1,0,0,0
9188.73,1,30,1,1,1,1
9488.29,19,25,1,1,0,1
13443.43,0,25,1,0,1,1
230.96,12,6,0,1,0,0
11080.46,7,32,1,1,0,1
3874.84,14,10,1,1,0,1
10591.79,15,4,0,1,1,1
14645.62,5,18,1,0,1,1
2937.96,8,2,1,1,0,1
860.38,17,36,0,1,0,0
14335.19,7,3,1,0,1,1
13128.63,11,39,1,1,1,1
6387.44,10,16,0,1,0,0
6902.84,4,37,0,0,0,0
3993.95,17,2,1,1,1,1
381.09,6,23,1,0,0,0
574.28,17,10,0,1,0,0
4273.67,20,3,1,0,1,1
8868.55,1,32,1,0,1,1
11592.85,19,22,0,0,1,1
9196.22,14,12,0,1,1,1
10697.06,23,23,1,0,0,0
10887.43,23,12,1,0,1,1
13812.15,22,16,1,0,1,1
8198.27,9,24,1,0,0,0
3154.1,12,40,0,1,1,1
9654.77,7,14,0,0,0,0
1778.33,17,15,0,0,0,0
318.02,0,0,1,1,1,1
6333.97,15,4,0,0,1,0
13298.41,13,16,1,0,1,1
881.45,19,7,0,0,1,0
5262.72,8,13,1,1,1,1
411.31,22,23,1,0,0,0
5770.64,12,16,0,1,0,0
2578.55,3,38,1,0,1,1
4551.81,6,11,1,0,0,0
13848.8,10,8,1,0,0,0
2295.54,18,6,0,0,1,0
690.3,23,39,1,1,1,1
431.95,4,22,0,1,0,0
11045.43,7,6,0,1,0,1
2531.71,10,4,1,0,0,0
1336.95,13,15,0,0,1,0
6292.8,11,1,1,1,1,1
7000.13,8,17,1,0,1,1
3956.11,17,19,1,0,1,1
4027.87,3,22,1,1,1,1
8498.8,19,30,1,1,0,1
2526.63,13,38,1,1,1,1
370.31,5,20,1,0,1,1
11958.18,3,38,0,0,1,1
5938.04,6,37,1,1,0,1
7993.72,17,24,0,0,1,0
10432.82,17,14,0,0,1,1
3089.6,2,24,0,0,1,0
11699.36,7,29,1,0,0,0
14004.12,17,14,0,1,1,1
13446.99,23,21,0,1,1,1
5723.34,9,13,1,1,0,1
10458.42,11,23,1,0,0,0
296.44,3,38,0,0,1,1
7857.7,17,10,1,0,1,1
4048.24,8,35,0,0,1,0
2590.85,22,2,0,1,0,0
3104.73,7,23,0,1,1,1
10797.01,1,39,1,1,1,1
1458.52,4,13,1,1,1,1
6519.69,19,29,0,1,0,0
6122.86,22,31,1,0,1,1
3739.26,6,32,1,1,1,1
6163.95,9,3,1,0,0,0
6002.63,6,24,1,1,1,1
875.04,11,24,1,1,1,1
848.68,1,37,0,1,1,1
9646.85,13,19,0,0,0,0
11493.86,16,18,0,0,0,0
8796.04,3,19,1,1,1,1
8623.08,8,3,1,1,1,1
11164.99,17,5,1,0,1,1
6831.65,6,5,1,0,0,0
1060.4,9,33,1,1,0,0
1984.78,16,21,0,0,1,0
8519.67,19,17,0,0,0,0
8316.08,13,17,0,0,1,1
62.14,5,8,1,1,1,1
1204.62,5,23,0,1,1,1
10804.27,21,25,1,0,0,0
4459.48,2,25,1,1,1,1
37.91,9,31,1,1,0,0
7939.69,9,18,1,0,0,0
10264.84,5,3,1,1,1,1
11306.26,16,16,1,0,0,0
12348.29,6,25,0,1,0,0
2919.76,20,32,0,1,1,1
13590.0,11,29,1,0,1,1
9520.19,10,8,0,1,1,1
413.01,18,39,0,0,0,0
12517.85,1,36,0,1,0,1
13366.89,10,31,1,1,0,1
2092.25,19,3,0,0,1,0
1545.7,20,29,0,1,0,0
8644.75,3,16,1,1,1,1
4901.49,15,21,1,0,1,1
5802.36,23,11,1,1,0,1
4945.46,21,13,1,1,1,1
8901.34,14,35,0,1,0,0
14360.7,17,9,1,1,1,1
6154.98,13,38,0,0,0,0
2486.28,21,16,1,1,0,0
47.1,6,40,1,1,0,0
12274.1,10,29,0,1,1,1
14721.05,20,7,0,1,0,0
13284.23,17,19,0,1,1,1
12271.19,16,37,0,1,0,0
2403.95,20,20,0,0,1,0
85.62,23,33,1,1,1,1
13942.11,3,35,0,0,1,1
14337.34,6,23,1,0,1,1
5706.21,1,33,1,0,1,1
1995.74,17,40,1,1,1,1
2701.76,11,40,0,1,0,0
2303.75,18,32,1,0,1,1
14223.26,2,23,1,0,1,1
11307.32,5,33,1,0,0,0
3801.75,11,9,0,1,0,0
574.01,14,38,1,1,1,1
9967.18,1,14,0,0,0,0
209.48,10,1,1,0,0,0
7786.26,3,30,1,0,0,0
12063.88,20,0,1,0,0,1
13563.69,1,12,0,0,1,1
13647.34,7,24,0,0,1,1
474.62,14,22,1,1,1,1
11914.83,21,34,0,1,1,1
14243.61,4,13,1,0,1,1
12224.26,21,4,0,0,1,1
12517.38,17,39,0,0,0,0
3968.46,6,38,1,1,1,1
8257.27,16,22,1,1,0,1
6534.32,19,13,0,0,0,0
6042.1,18,9,1,0,1,1
10898.54,19,37,0,1,1,1
6085.11,1,3,0,0,1,1
674.72,16,29,1,1,1,1
3286.96,18,2,1,0,1,1
12138.78,15,29,0,1,0,1
5656.99,20,4,0,1,0,0
3748.11,22,37,1,0,0,0
655.24,18,18,0,1,0,0
7991.5,8,3,0,1,0,0
10475.42,4,32,1,0,1,1
4130.4,16,4,0,1,1,1
8909.19,22,1,1,1,0,1
12564.87,13,6,1,1,0,1
7002.16,22,25,1,0,1,1
11517.63,3,30,0,0,1,1
822.94,5,40,0,1,1,1
929.85,1,2,0,0,1,0
1683.25,22,21,0,1,0,0
946.57,23,3,1,1,1,1
3953.73,22,11,0,0,0,0
8787.77,16,34,1,1,1,1
1756.13,17,27,1,0,0,0
6022.69,6,38,0,1,1,1
12602.3,20,3,1,1,1,1
8343.52,8,2,0,1,0,0
11728.35,13,21,0,1,0,0
8812.48,13,11,0,1,0,0
9295.94,23,24,1,0,1,1
10655.77,23,20,1,0,0,1
5786.56,0,40,0,1,0,1
9022.31,3,26,0,1,0,1
10578.48,16,33,0,1,1,1
8630.77,3,34,0,0,1,1
12574.85,4,40,0,0,0,0
1626.36,17,0,1,1,0,1
115.39,12,37,1,1,1,1
11880.86,4,0,1,0,0,1
3347.81,6,0,0,0,0,0
10772.43,10,9,1,1,1,1
3295.56,8,39,0,0,1,0
11107.84,13,39,0,0,1,1
6669.78,11,32,1,0,0,0
9618.32,18,0,1,0,0,1
10219.32,19,24,1,1,0,1
8957.26,6,6,0,0,0,0
448.5,1,6,1,0,1,1
1027.36,18,2,0,1,1,1
10057.06,4,8,1,1,0,1
2964.9,21,11,0,0,0,0
4751.21,12,4,1,1,1,1
1157.02,8,37,1,0,0,0
13661.1,19,14,1,1,0,1
10841.53,7,15,1,1,1,1
7129.93,16,22,0,0,0,0
3559.44,6,21,1,0,1,1
8650.72,2,29,0,0,1,1
8727.11,9,17,1,1,1,1
8633.94,22,33,0,1,1,1
8643.1,19,10,1,0,1,1
4048.0,8,33,0,1,0,0
5654.21,9,38,0,0,1,1
4049.88,3,4,1,0,1,1
6344.77,10,27,1,0,0,0
3926.56,3,3,0,0,1,0
13173.3,19,4,1,0,1,1
6920.24,3,23,0,1,0,0
2657.33,4,15,1,1,0,1
2426.76,11,18,0,1,1,1
4463.35,20,19,0,0,0,0
1057.77,21,2,0,0,0,0
6917.45,19,9,1,1,1,1
13011.04,19,32,0,1,0,0
8247.86,10,14,1,0,1,1
9028.9,23,3,1,0,1,1
2127.7,15,18,0,1,1,1
2607.05,11,5,0,0,1,0
3382.07,21,25,0,0,1,0
8737.74,18,16,0,0,0,0
1975.16,10,6,0,0,1,0
5736.44,12,31,0,0,0,0
8217.27,18,7,0,0,1,1
14520.19,9,11,1,1,0,1
2547.08,4,13,0,0,0,0
4469.18,17,20,0,0,0,0
73.39,18,34,0,1,0,0
4231.04,1,16,0,1,0,0
5501.18,9,3,1,0,1,1
4241.58,8,14,1,1,0,0
3595.4,12,4,1,1,0,0
3730.23,7,1,1,1,1,1
14293.35,13,5,1,1,0,1
1500.76,22,22,0,1,1,1
10973.67,13,31,1,0,0,0
10133.9,5,34,1,0,0,0
4123.52,0,0,0,0,1,1
9076.16,1,21,0,0,0,0
776.96,1,12,0,1,1,1
5500.37,22,31,0,1,0,0
14628.88,19,7,0,1,0,0
8207.33,19,29,0,1,1,1
5646.31,1,3,0,0,0,0
9836.06,15,16,1,1,1,1
1628.13,15,28,1,0,0,0
4683.85,7,30,1,0,1,1
10641.85,20,0,0,0,1,1
10245.95,7,34,1,0,0,0
5142.57,13,26,1,1,0,1
5145.32,6,23,0,0,0,0
1980.03,15,11,0,1,1,1
11875.67,4,20,1,1,0,1
8888.41,20,14,0,1,1,1
735.01,21,19,0,0,0,0
1770.11,11,7,0,0,0,0
11558.87,7,13,0,1,1,1
7506.58,2,19,1,0,0,0
5374.75,5,16,0,0,0,0
11972.62,5,38,0,1,1,1
13821.78,0,23,0,1,0,1
5944.7,6,1,1,0,1,1
13571.8,4,15,1,0,1,1
9663.53,15,29,1,0,0,0
13855.16,9,31,1,1,0,1
8040.51,22,11,0,1,1,1
13605.12,4,16,0,1,0,1
10520.26,4,15,1,1,0,1
10069.14,17,23,1,1,0,1
12145.14,19,18,1,1,1,1
216.66,3,19,0,0,1,0
8110.73,9,22,1,1,0,1
8246.28,0,35,1,0,1,1
5717.09,2,21,1,0,1,1
7762.73,4,29,1,0,0,0
5658.61,10,25,1,1,1,1
222.33,10,16,0,0,0,0
8964.19,1,36,0,0,1,1
343.64,1,4,0,0,0,0
7499.15,21,5,0,1,1,1
12346.64,12,35,0,0,0,0
12974.37,10,32,0,1,1,1
7620.2,6,4,1,1,0,1
13338.95,23,3,0,0,1,1
1331.63,15,18,1,1,1,1
14225.46,14,22,1,0,1,1
5844.64,17,37,1,1,1,1
2390.03,13,17,1,0,0,0
7665.03,3,19,1,0,0,1
7821.59,2,16,0,0,0,0
6249.04,21,4,1,0,1,1
4524.05,1,27,0,1,1,1
14629.16,8,30,1,0,1,1
3440.04,0,31,0,1,0,0
14732.81,16,12,1,0,0,0
6269.52,19,12,0,1,0,0
8239.01,5,22,1,1,1,1
247.28,14,28,1,0,0,0
866.04,17,18,1,0,1,1
1854.71,19,18,1,0,0,0
12398.26,21,33,0,1,1,1
1943.09,2,7,0,1,0,0
12064.52,6,27,0,1,0,1
9992.91,12,2,1,1,0,1
9885.75,7,9,0,1,0,0
9026.41,6,21,1,1,1,1
9893.53,14,31,1,0,1,1
6867.9,16,31,0,1,0,0
1565.98,21,16,0,1,0,0
7940.8,12,32,1,1,1,1
2677.54,5,2,0,0,1,0
10884.39,1,33,0,0,0,0
7649.79,4,11,1,0,0,0
10970.28,11,2,1,1,1,1
9732.29,5,9,1,0,0,0
2551.79,4,36,0,1,0,0
1053.9,9,12,1,0,0,0
6860.52,10,38,0,0,1,1
14365.75,3,33,1,0,0,1
8936.76,9,10,1,1,1,1
5504.52,8,2,0,1,0,0
9918.37,22,40,0,1,0,1
9726.48,4,17,1,0,0,1
1106.63,4,22,1,0,1,1
11887.52,22,22,1,1,0,1
11062.2,16,8,1,1,0,1
1226.19,17,23,0,1,1,1
993.02,23,15,0,1,1,1
2754.03,2,39,0,0,1,0
9820.08,18,13,0,1,0,0
11030.19,23,7,0,0,0,0
4692.75,2,24,0,0,1,0
3778.74,8,32,1,0,0,0
849.28,14,24,0,0,0,0
6045.17,19,10,0,1,1,1
1309.0,21,40,1,1,1,1
2407.89,7,29,0,0,0,0
8778.19,1,2,0,0,0,0
10555.77,23,13,0,1,0,0
14797.26,6,34,0,0,0,0
3944.08,10,28,0,1,0,0
1644.7,4,17,1,0,0,0
11152.77,3,29,1,0,1,1
4825.12,22,29,1,0,0,0
6099.08,1,17,0,1,0,0
2031.61,13,29,0,0,1,0
2157.84,4,34,0,1,0,0
12180.28,2,27,1,0,1,1
4354.87,22,8,1,0,0,0
1902.78,5,26,0,1,0,0
5033.53,18,22,0,1,1,1
10380.67,0,12,0,1,1,1
2057.99,23,32,0,1,1,1
7845.26,1,19,0,1,0,0
12954.36,10,37,1,1,1,1
4316.15,7,29,0,0,1,0
14834.83,10,5,1,1,1,1
32.44,21,20,0,0,1,0
14469.45,9,14,0,0,1,1
2321.28,16,5,1,0,1,1
6822.62,0,10,0,0,0,0
3462.98,7,39,0,1,0,0
10609.24,21,17,1,1,1,1
13462.37,1,40,0,0,0,0
3861.31,10,19,1,0,0,0
649.34,10,6,1,0,1,1
1698.94,21,4,1,1,0,0
1553.32,17,22,1,1,1,1
4856.59,3,10,0,0,1,0
5430.38,23,29,0,1,1,1
1696.21,15,9,1,0,0,0
1880.41,12,37,0,1,0,0
10412.53,14,5,0,0,1,1
383.58,11,29,0,1,1,1
2669.4,9,36,1,0,0,0
120.4,13,18,0,0,0,0
5620.47,18,8,1,1,0,1
302.6,9,2,1,1,1,1
9415.66,17,21,1,0,1,1
7433.03,3,26,1,1,1,1
12424.03,8,34,0,1,1,1
5739.78,17,20,1,0,1,1
12574.48,18,33,0,0,0,0
1777.6,14,39,0,0,1,0
9430.12,2,2,0,0,0,0
9495.43,18,10,1,1,1,1
10070.29,18,4,1,0,1,1
7337.29,10,5,0,0,1,0
580.7,12,19,1,0,0,0
11413.97,22,15,0,1,1,1
1429.7,12,16,0,1,1,1
8481.17,2,23,1,0,1,1
180.02,23,27,1,0,1,1
13786.61,4,6,1,1,0,1
14425.63,3,33,1,0,1,1
6497.17,9,27,0,1,1,1
6183.7,9,40,1,0,0,0
1443.01,14,19,0,1,1,1
1573.16,6,23,1,1,1,1
6814.81,2,25,0,1,1,1
6829.82,21,31,1,0,1,1
8352.41,12,3,1,0,1,1
3183.63,3,13,1,0,0,0
7423.18,1,12,1,0,1,1
14499.83,23,7,1,1,0,1
6950.68,7,36,0,1,1,1
6529.56,22,7,1,0,0,0
2129.16,21,22,0,0,1,0
3259.06,16,32,0,1,1,1
2904.87,12,23,0,0,1,0
1938.02,12,38,0,0,1,0
7205.66,2,28,1,0,1,1
3859.07,19,32,1,0,1,1
4407.68,20,5,0,1,1,1
7673.01,22,8,1,0,0,0
3154.81,12,8,0,0,1,0
6377.94,18,28,1,1,0,1
6537.05,8,29,1,1,1,1
832.41,7,30,0,1,1,1
3372.6,1,12,0,1,1,1
1386.1,14,13,0,1,1,1
124.19,7,0,1,1,0,1
7475.9,2,25,0,0,0,0
12024.54,7,37,0,1,1,1
1047.58,9,2,0,1,0,0
762.34,12,13,1,1,0,1
4635.76,2,39,1,0,0,0
8858.1,15,12,0,1,1,1
11597.81,18,16,1,1,0,1
3710.15,8,28,0,0,0,0
10173.78,1,3,0,0,1,1
2405.3,21,14,1,1,0,0
13280.09,4,16,1,1,0,1
8044.16,17,27,0,1,1,1
7441.24,1,30,1,0,1,1
10798.44,17,25,1,1,0,1
1588.99,21,35,1,1,1,1
10610.46,17,20,1,0,0,0
12593.76,5,26,1,0,1,1
2246.34,23,36,1,1,1,1
8800.14,15,8,1,0,1,1
2812.28,23,33,1,1,1,1
12081.17,15,37,1,1,0,1
2879.84,8,13,0,0,1,0
13559.96,9,21,1,1,0,1
14896.33,23,28,0,0,1,1
13850.62,15,13,1,1,1,1
5624.92,17,15,1,0,1,1
3065.32,20,8,0,0,0,0
6537.35,11,40,1,1,0,1
2023.77,12,1,0,0,0,0
8501.94,19,38,1,0,0,0
12821.66,22,16,1,1,1,1
11976.26,22,4,1,1,0,1
1255.52,8,40,0,0,0,0
2243.8,8,8,0,0,0,0
11436.82,5,29,0,0,1,1
8350.21,22,10,0,0,0,0
3552.46,16,10,1,1,1,1
2861.12,13,17,0,1,1,1
3762.39,11,13,1,0,0,0
5311.8,21,10,0,0,1,1
7240.26,7,27,1,1,0,1
7223.13,2,21,0,1,0,0
9820.37,4,28,1,1,0,1
6495.08,0,21,0,0,0,0
1408.28,18,14,0,0,0,0
13167.45,15,17,1,0,1,1
886.94,13,3,1,0,0,0
2917.14,10,31,1,1,0,0
4706.08,22,5,0,0,1,0
5912.27,13,28,0,1,0,0
14933.95,15,0,1,1,0,1
14923.12,4,32,1,1,1,1
1306.88,7,14,1,0,0,0
8702.33,1,29,0,1,0,1
8469.81,1,32,0,1,0,1
807.86,11,13,0,0,1,0
8361.62,14,15,1,1,1,1
6269.21,6,0,1,1,1,1
5675.83,15,0,0,1,0,1
4547.12,20,32,0,1,0,0
4237.71,7,1,1,0,0,0
1903.24,13,10,1,0,0,0
10300.25,13,25,1,1,1,1
7117.95,8,32,0,1,0,0
10024.13,16,14,1,0,0,0
572.54,20,11,1,0,1,1
5541.86,3,31,0,1,1,1
14173.3,8,18,0,0,0,0
4714.94,13,38,1,1,1,1
7968.04,18,14,0,0,1,1
5556.46,22,13,0,1,0,0
8199.74,3,39,1,0,0,1
11595.88,20,2,1,0,0,0
4342.68,15,12,1,0,1,1
13468.56,23,30,0,0,0,0
4658.15,15,17,1,0,0,0
11445.01,0,0,1,1,0,1
8965.64,0,23,0,1,1,1
434.62,3,3,0,0,0,0
3730.27,6,38,0,0,0,0
9360.31,6,11,0,0,0,0
7621.09,9,12,1,1,1,1
10268.49,5,25,0,1,0,1
5136.23,4,23,0,0,1,1
4061.08,16,17,0,1,1,1
1523.53,0,7,1,0,0,0
3296.24,15,32,0,1,1,1
8500.9,4,35,1,0,1,1
767.21,18,39,0,1,0,0
13594.71,7,1,1,0,0,0
14414.43,22,40,0,1,1,1
10618.23,18,5,1,0,0,0
11839.16,15,21,1,1,1,1
14898.44,1,21,0,0,1,1
7803.43,15,3,1,0,1,1
7225.12,9,24,1,1,1,1
576.32,2,9,1,1,1,1
12353.1,15,33,1,1,1,1
6337.16,10,29,0,1,0,0
5817.4,3,34,1,1,0,1
8900.46,14,4,1,0,1,1
1810.84,12,1,1,1,0,0
10136.3,11,31,1,1,0,1
7513.03,0,20,0,1,1,1
414.18,21,27,1,0,0,0
2818.26,17,14,1,1,0,0
1354.67,12,15,0,1,1,1
14744.7,23,25,0,0,1,1
14760.18,20,38,1,0,0,0
4279.66,2,39,1,0,1,1
14613.38,4,25,1,1,0,1
4165.86,1,13,0,1,1,1
5032.85,9,30,0,1,0,0
1680.47,19,37,0,0,1,0
5951.57,11,26,0,1,1,1
10255.69,14,5,0,0,1,1
2351.24,1,6,0,1,1,1
8336.2,12,26,0,0,1,1
1441.35,2,25,1,0,1,1
12469.17,7,4,0,1,1,1
2204.55,12,21,0,1,0,0
4848.96,11,1,0,0,0,0
3918.17,18,0,1,1,0,1
1948.58,17,24,1,1,0,1
5400.34,5,1,1,0,1,1
457.93,8,2,0,0,0,0
2831.9,13,11,0,1,1,1
6320.24,22,15,0,1,1,1
7712.72,9,4,0,0,1,1
3578.5,19,24,0,0,0,0
7670.23,22,15,1,1,0,1
6473.38,19,31,1,1,1,1
865.51,9,10,1,0,0,0
10024.47,8,39,1,1,1,1
7166.51,0,25,1,1,1,1
10497.36,2,13,1,0,0,1
11089.05,18,20,0,1,1,1
8857.68,3,2,0,0,0,0
12738.58,18,39,1,0,0,0
2390.01,11,31,1,1,0,0
11272.67,4,2,0,0,1,1
8584.11,16,31,0,0,1,1
418.79,23,28,0,0,1,0
6586.18,21,40,0,1,1,1
10031.53,1,19,1,1,1,1
226.07,6,1,1,0,0,0
451.14,20,28,0,0,1,0
12155.55,22,16,0,0,0,0
1362.71,11,31,1,0,1,1
1087.59,23,40,1,0,0,0
9499.43,0,39,1,0,1,1
4104.68,7,6,0,0,0,0
10563.73,12,17,0,0,1,1
9104.98,11,15,0,0,0,0
8496.75,4,17,0,1,1,1
6387.7,0,6,1,1,0,1
7960.1,4,13,0,1,1,1
14748.31,1,11,1,1,0,1
6863.43,11,12,0,0,0,0
12685.09,12,21,1,0,0,0
8435.75,21,6,0,1,0,0
5854.03,8,0,1,0,0,1
9748.95,0,18,1,1,0,1
4859.96,6,27,0,1,0,0
13580.96,8,34,0,0,0,0
11545.49,21,31,1,0,0,0
8227.22,2,16,0,0,1,1
13964.03,13,8,1,1,0,1
3028.25,5,11,0,1,0,0
4940.83,0,19,1,0,0,0
2959.42,23,10,1,0,1,1
10780.35,2,30,1,1,0,1
9383.82,11,29,0,1,0,0
9762.83,0,0,1,0,0,1
13431.62,4,39,1,1,0,1
4710.32,3,10,1,0,0,0
6427.92,2,35,1,0,1,1
5239.31,10,17,0,0,0,0
8989.78,15,16,0,1,0,0
10167.1,0,39,0,0,0,0
6093.49,11,20,1,0,0,0
12316.49,23,6,1,0,0,0
5413.6,15,11,1,0,1,1
5893.27,20,39,1,1,0,1
13888.98,13,1,1,1,0,1
6727.76,3,0,1,1,0,1
13159.53,5,10,0,1,1,1
2506.7,10,8,1,0,0,0
10386.38,0,36,1,1,1,1
3326.81,12,8,0,1,1,1
12144.39,1,14,0,0,0,0
9143.11,13,16,1,0,1,1
7945.65,9,40,1,1,0,1
2122.46,23,3,1,1,0,0
8250.71,0,21,1,0,1,1
9759.22,3,10,1,1,0,1
8211.69,2,26,1,0,1,1
13513.66,21,33,0,1,1,1
2611.28,1,23,1,1,0,1
663.95,12,24,0,1,0,0
11784.82,5,27,0,0,0,0
5712.37,0,36,1,0,1,1
9082.04,14,17,1,1,1,1
10219.06,18,28,0,0,0,0
3539.79,20,6,0,0,0,0
12806.15,2,0,0,0,0,1
14355.36,9,24,1,0,0,0
7682.89,17,17,1,0,0,0
2291.31,0,33,0,0,0,0
14538.34,17,33,1,0,1,1
852.23,18,15,0,1,1,1
11404.4,8,16,1,1,0,1
3707.0,19,35,0,0,1,0
8377.74,17,10,0,0,0,0
8906.03,6,30,1,0,1,1
10601.55,12,20,0,1,1,1
13042.1,19,23,0,1,0,0
12539.02,0,39,1,0,1,1
11485.85,8,12,0,0,0,0
14747.85,10,11,0,0,0,0
12858.32,17,6,1,0,0,0
313.23,22,27,0,0,1,0
14209.59,6,17,1,1,0,1
12437.57,16,26,0,0,1,1
5098.92,20,12,1,0,0,0
10283.46,18,32,0,1,1,1
8966.45,11,17,1,1,0,1
3338.27,10,32,0,0,1,0
14874.6,22,6,1,1,0,1
6703.41,13,14,1,1,0,1
5038.68,11,28,1,1,0,1
4499.42,3,34,1,0,0,0
13450.97,17,19,1,0,0,0
2534.74,5,34,0,0,1,0
6571.91,2,34,1,1,0,1
1733.7,1,39,0,0,0,0
10211.75,18,13,0,0,1,1
13281.33,1,31,1,0,0,1
8531.14,4,11,1,1,1,1
2069.86,4,15,1,0,0,0
14055.1,15,21,0,0,1,1
3882.27,8,37,0,0,1,0
8620.66,1,2,1,1,0,1
3818.68,7,0,1,1,1,1
12695.77,5,15,0,1,1,1
1365.39,9,12,1,1,0,0
11896.15,16,35,1,0,0,1
13126.84,1,21,0,1,0,1
7261.16,22,15,1,1,0,1
4942.4,20,35,1,1,0,0
4002.31,7,9,1,0,0,0
9904.18,17,7,1,1,1,1
11299.32,22,24,0,1,0,1
8143.0,5,3,0,1,0,0
11695.6,2,27,0,0,1,1
8051.35,7,39,1,0,0,0
11922.59,5,12,0,0,0,0
4561.33,8,22,0,1,0,0
10058.31,12,33,1,0,0,0
14875.35,3,40,1,0,0,1
12013.06,4,9,1,1,0,1
4072.99,8,10,0,0,0,0
2957.81,21,15,0,1,0,0
938.79,5,12,1,1,1,1
12976.82,22,5,1,0,1,1
641.53,10,1,0,1,1,1
13095.82,15,25,0,1,1,1
9202.23,14,30,0,1,1,1
3075.71,1,25,1,1,0,1
35.6,11,10,1,1,1,1
5928.01,8,27,0,0,0,0
7686.24,22,30,0,1,1,1
14852.45,13,26,0,0,1,1
14570.67,22,25,1,0,0,0
1543.04,6,3,0,0,0,0
4516.6,16,31,0,1,1,1
14052.1,14,19,1,0,0,0
795.68,23,13,0,0,1,0
1542.45,16,21,1,0,0,0
14115.13,14,36,1,0,1,1
1938.14,2,18,0,0,1,0
11790.23,14,23,1,0,0,0
936.29,5,11,1,0,0,0
5553.36,19,20,0,1,1,1
9935.72,5,13,1,1,0,1
8862.14,12,9,0,0,1,1
2990.3,19,20,1,1,1,1
12955.66,20,27,1,1,1,1
14509.79,5,36,0,1,1,1
13374.45,13,33,1,0,0,0
4109.85,9,11,1,1,0,0
4330.29,0,13,0,0,0,0
2781.32,17,9,1,1,0,0
8578.22,14,32,0,0,0,0
4746.36,5,37,0,1,1,1
4278.36,14,16,0,1,1,1
5828.73,4,7,0,0,0,0
3246.79,2,14,1,0,1,1
9183.46,3,7,0,0,0,0
8691.87,20,16,0,0,0,0
10311.24,3,30,1,1,1,1
8970.46,19,2,0,1,0,1
960.05,3,39,1,1,0,1
10778.45,21,22,0,1,0,0
8947.5,19,22,1,1,0,1
3634.18,6,30,0,0,0,0
9250.99,9,8,1,1,0,1
2396.05,7,25,1,0,1,1
9916.93,10,39,0,1,0,0
3944.62,12,25,0,1,1,1
2302.8,18,18,1,1,0,0
7429.15,7,10,1,0,0,0
1849.14,6,28,1,1,0,0
6207.42,1,14,1,1,0,1
14757.33,7,36,0,1,1,1
13921.99,10,31,0,1,0,0
2261.82,11,25,1,1,1,1
8288.78,21,8,0,0,1,1
12785.98,4,28,0,0,1,1
13375.53,16,24,1,1,1,1
14708.1,3,35,1,1,1,1
9520.3,12,22,1,1,0,1
13297.89,14,24,1,0,0,1
7605.36,11,11,1,0,0,0
1568.89,11,2,1,0,0,0
367.78,16,38,0,0,1,0
5771.17,22,6,0,0,0,0
1572.72,4,6,0,0,0,0
8894.26,18,10,0,1,1,1
517.75,23,36,1,1,1,1
3212.46,4,4,0,0,0,0
293.08,15,8,1,1,1,1
7329.41,5,32,0,1,1,1
1581.94,4,0,1,0,1,1
10250.0,21,34,0,1,1,1
7684.7,7,38,1,0,0,0
11016.53,14,11,1,1,1,1
8556.86,0,21,1,0,0,1
8450.34,1,31,1,1,1,1
937.12,20,7,1,0,1,1
2598.0,18,14,1,0,1,1
11343.7,8,13,0,1,1,1
14104.05,0,15,0,1,1,1
5804.99,19,0,1,0,1,1
9647.86,8,11,1,1,1,1
1925.78,17,4,1,1,1,1
7677.15,0,0,0,1,1,1
6094.12,4,3,0,1,0,0
4288.74,0,6,1,0,1,1
6497.0,16,4,1,1,1,1
13760.83,1,21,0,1,0,1
3403.98,19,36,1,0,0,0
9833.32,20,37,0,1,0,0
9157.07,20,4,0,1,0,1
352.92,7,6,1,0,0,0
10958.11,9,13,0,1,0,1
9491.37,18,22,1,0,1,1
4008.86,23,10,1,0,1,1
4338.45,9,13,0,1,0,0
1828.15,11,5,1,0,1,1
11311.14,1,32,0,0,1,1
11049.32,3,27,1,0,1,1
14099.39,3,12,1,0,1,1
2957.25,14,4,1,1,1,1
1580.99,6,12,1,0,0,0
2944.03,6,16,0,1,0,0
3577.5,16,5,0,0,1,0
11948.14,20,26,1,1,0,1
12836.83,6,28,1,0,0,0
7314.22,5,3,0,0,1,1
12037.6,1,32,0,1,0,1
9684.92,6,32,1,0,1,1
709.31,18,6,1,1,0,1
12510.35,11,27,0,1,0,0
8211.33,20,33,0,1,1,1
10718.51,7,0,1,0,0,1
13024.8,12,2,1,0,0,1
12065.94,18,17,0,1,0,0
842.43,8,12,0,0,1,0
3894.9,16,22,1,1,1,1
13062.27,2,37,0,1,0,1
1220.56,12,28,1,1,1,1
14290.08,16,9,0,1,0,0
14713.99,23,15,1,0,0,1
4845.39,4,1,1,1,0,1
5373.85,3,15,1,0,1,1
8385.41,8,20,1,0,0,1
2135.82,19,20,1,1,0,1
7722.01,10,31,0,0,1,0
4654.15,3,32,1,0,0,0
6761.16,9,13,0,1,0,0
12811.14,19,16,0,0,0,0
3438.39,17,23,1,1,0,0
9883.41,10,16,1,0,1,1
6831.05,4,17,1,1,1,1
2847.84,22,21,1,0,1,1
9390.49,9,5,1,1,1,1
12363.87,18,18,1,1,0,1
3939.64,6,9,1,1,1,1
4732.22,3,17,1,1,1,1
10847.87,5,11,0,0,0,0
11492.46,17,3,1,0,0,0
5022.48,6,16,0,0,0,0
11538.93,9,32,0,1,0,0
2533.03,3,32,0,1,1,1
7777.16,3,40,1,0,1,1
12079.87,3,23,0,0,0,0
11717.13,23,2,1,1,1,1
4400.6,17,30,1,0,0,0
8116.79,7,31,1,1,0,1
2252.48,10,7,0,0,1,0
10134.87,4,40,1,0,0,1
12896.51,2,36,1,1,0,1
2664.27,8,23,0,0,0,0
8537.25,10,7,0,1,0,0
2436.77,14,8,0,1,1,1
2553.66,6,1,0,1,1,1
13278.65,6,23,1,0,1,1
12279.82,1,28,0,0,1,1
9526.95,18,2,0,0,1,1
13621.8,12,21,0,1,0,0
3087.37,8,35,0,1,0,0
12726.17,5,11,0,1,1,1
10459.97,22,9,1,1,0,1
14512.62,15,21,0,1,1,1
3315.05,12,36,0,0,0,0
14401.86,15,13,0,0,0,0
3371.0,0,36,1,1,0,1
9757.67,18,31,1,1,0,1
11430.82,1,32,0,0,1,1
9114.45,12,12,1,1,1,1
5276.0,16,29,0,1,1,1
1897.36,15,2,0,1,1,1
640.31,6,5,1,1,0,0
4363.86,23,34,1,0,0,0
9456.54,20,5,0,1,0,0
13402.87,13,22,1,1,0,1
10603.54,16,40,1,0,1,1
14765.9,1,22,0,1,0,1
6411.88,21,28,0,0,1,1
1659.99,10,16,1,0,1,1
10272.0,14,32,0,1,1,1
1591.75,22,12,1,1,0,0
3393.31,19,39,0,1,0,0
3215.77,18,16,0,1,1,1
6635.76,14,13,0,0,0,0
13674.54,9,2,1,0,1,1
13628.58,2,27,1,1,1,1
11195.45,7,33,1,0,1,1
3225.4,20,2,1,0,1,1
477.55,17,22,0,0,1,0
3136.98,7,23,0,0,1,0
10423.91,8,7,1,0,0,0
10381.56,19,33,0,1,0,0
10710.27,9,36,0,1,1,1
3690.33,3,1,0,1,1,1
3330.16,10,15,1,0,0,0
11540.27,12,13,0,0,1,1
4894.23,9,12,0,1,1,1
4174.5,9,4,1,0,0,0
22.98,9,36,1,1,0,1
7632.88,21,40,1,0,1,1
13273.4,12,19,1,1,0,1
5004.87,0,16,1,0,1,1
11029.94,0,26,1,1,0,1
6326.71,21,23,1,1,1,1
14389.36,2,5,1,0,1,1
12080.8,3,21,0,0,0,0
8520.27,22,4,0,1,0,1
10441.97,22,9,1,1,1,1
11716.2,13,23,1,0,0,0
9012.31,18,2,1,1,1,1
10760.57,20,37,1,0,1,1
7672.73,16,17,0,0,0,0
3165.22,10,30,1,0,0,0
9273.75,3,7,0,0,1,1
9379.86,23,1,0,0,0,0
7137.46,5,14,0,1,0,0
6708.39,23,17,1,1,0,1
8251.27,0,5,0,0,0,0
8162.82,3,5,0,1,1,1
3981.7,3,10,0,0,0,0
13971.56,4,19,1,0,0,1
14163.17,7,0,0,0,1,1
4705.24,7,12,1,1,0,0
9173.94,8,0,1,0,1,1
1224.57,13,33,1,1,0,0
11527.52,23,27,1,0,0,0
5660.1,10,28,0,1,1,1
3726.58,14,18,1,1,0,0
1281.44,7,24,1,1,1,1
3539.06,8,29,1,0,1,1
1800.9,20,34,1,1,1,1
2223.69,23,37,0,1,0,0
3354.41,14,6,1,1,1,1
8303.84,6,22,0,0,0,0
4421.11,19,2,0,0,0,0
8896.87,19,6,0,1,0,0
13143.27,18,23,0,0,1,1
5690.95,7,15,0,1,1,1
6265.97,8,39,1,0,1,1
4862.83,10,2,1,1,1,1
3834.52,0,26,0,0,1,1
13661.98,14,6,1,1,0,1
11502.71,11,6,1,0,1,1
7917.55,17,0,0,0,0,0
7297.21,1,29,1,0,0,1
13407.52,17,38,1,0,0,0
7706.58,3,11,0,1,1,1
7973.4,20,13,0,0,0,0
13489.17,2,32,1,0,1,1
9481.12,5,24,0,0,0,0
12483.48,2,18,0,0,1,1
7573.2,15,37,1,0,0,0
10267.13,17,11,1,1,0,1
2789.08,3,12,0,1,1,1
14317.5,1,28,1,0,1,1
6610.16,21,27,1,1,0,1
12121.05,7,35,1,1,1,1
12511.91,18,4,1,0,0,0
7520.27,5,32,1,0,1,1
1249.63,1,5,1,1,1,1
2932.12,0,32,1,1,1,1
13260.64,12,9,1,1,1,1
1010.74,13,23,1,1,1,1
6788.05,15,30,0,1,1,1
10982.55,9,12,1,1,1,1
2228.37,3,27,0,0,1,0
9053.74,9,18,0,0,0,0
13092.5,9,35,1,1,0,1
13651.92,4,2,1,1,1,1
755.93,23,18,1,1,0,0
7089.83,2,25,0,1,1,1
3681.55,5,10,0,0,1,0
11049.73,4,10,0,1,1,1
2819.28,19,9,0,1,1,1
8628.43,15,3,0,1,1,1
928.39,23,5,1,0,0,0
2435.91,6,35,1,1,1,1
10888.23,7,19,1,1,0,1
8759.34,18,32,1,1,0,1
14646.67,22,37,1,0,1,1
875.14,14,36,1,0,0,0
13157.83,1,9,0,1,1,1
761.8,23,40,0,1,0,0
4342.73,19,23,1,1,1,1
5629.24,21,17,0,0,0,0
14040.75,0,20,0,1,1,1
2355.85,4,39,1,0,0,0
1235.34,1,24,0,1,0,0
539.08,16,15,1,0,1,1
12287.13,2,19,1,1,0,1
14735.96,22,35,0,1,0,0
2582.41,18,36,1,0,1,1
6033.06,23,27,1,1,0,1
6256.1,20,5,1,1,0,1
6064.21,15,36,0,1,1,1
11558.54,8,0,0,1,0,1
5404.08,14,4,1,1,0,1
987.25,21,1,1,0,0,0
8169.74,19,33,0,0,0,0
14409.69,11,6,1,0,1,1
13052.56,3,32,1,1,1,1
165.59,17,11,0,0,0,0
4054.45,7,4,1,0,1,1
14459.74,8,16,0,0,0,0
2515.08,2,23,1,0,1,1
2959.79,11,34,1,0,0,0
4809.7,12,11,1,0,0,0
5148.3,9,6,0,0,0,0
3692.73,3,11,1,1,1,1
13151.41,20,17,1,1,0,1
12710.53,2,9,1,0,0,1
9782.75,1,29,0,1,0,1
13696.42,12,18,1,0,1,1
9692.84,14,1,1,0,1,1
7577.98,20,26,1,1,1,1
1348.66,5,9,1,0,1,1
11375.02,6,8,0,1,0,1
11024.8,16,25,0,0,1,1
1649.17,1,25,1,0,1,1
9026.19,13,26,0,1,0,0
11193.62,3,0,1,0,0,1
5695.9,18,9,0,0,1,0
2983.69,22,7,0,1,1,1
8656.91,8,1,1,1,1,1
12283.11,21,20,0,0,0,0
12749.66,17,4,1,0,0,0
1621.64,9,1,0,1,0,0
117.23,9,11,0,1,0,0
13431.71,20,15,0,0,0,0
14894.78,11,17,0,1,1,1
6455.2,16,28,0,0,1,0
7434.29,6,23,0,1,0,0
9195.52,10,16,0,0,0,0
10959.14,17,5,0,1,1,1
1120.5,3,27,0,0,0,0
11255.42,21,37,1,1,0,1
5920.15,22,23,1,0,0,0
13068.75,8,11,1,0,1,1
12649.45,21,8,1,1,0,1
2504.68,16,26,0,0,1,0
5037.14,12,18,1,1,1,1
1959.52,3,18,0,0,0,0
14547.91,1,3,0,0,0,0
4466.59,20,25,0,0,0,0
1790.11,19,9,0,0,0,0
7950.61,16,31,1,1,0,1
9589.39,19,19,1,1,0,1
8024.92,12,9,1,0,0,0
8843.52,7,39,1,0,0,0
9139.03,23,22,0,1,1,1
3400.99,13,17,0,0,1,0
12614.22,5,16,0,0,1,1
955.42,18,9,1,0,1,1
9776.07,23,5,1,0,0,0
2694.16,17,31,1,0,1,1
5684.1,2,7,0,0,0,0
5749.01,13,39,1,0,0,0
9239.89,11,34,0,1,1,1
11163.6,22,30,1,0,1,1
11280.57,0,27,1,0,1,1
518.24,5,4,1,0,1,1
13013.23,9,29,0,1,1,1
8219.59,2,29,1,0,0,1
11461.22,4,19,1,0,0,1
12404.34,4,35,1,1,1,1
10519.09,13,35,0,0,1,1
11329.96,12,0,1,0,0,1
239.09,21,12,1,0,1,1
646.4,20,32,0,0,1,0
7681.5,22,5,0,0,0,0
12684.2,17,15,1,0,1,1
9723.14,13,11,0,1,0,0
999.35,12,16,1,0,1,1
12303.72,3,10,1,1,0,1
4927.67,8,34,1,0,1,1
383.58,17,37,1,1,1,1
12.72,3,14,1,0,0,0
3570.85,9,38,1,1,1,1
4114.57,20,32,1,0,1,1
12636.05,9,26,0,1,0,1
8544.19,14,14,1,0,1,1
2007.39,7,10,0,1,0,0
5376.53,18,29,0,1,0,0
1135.6,14,39,0,1,1,1
293.51,7,0,0,1,0,0
9377.94,6,34,0,0,0,0
4663.89,0,31,0,0,1,0
10072.38,23,28,1,1,1,1
5166.15,12,7,1,0,0,0
11561.1,12,3,1,0,1,1
14209.26,17,7,1,1,0,1
8468.65,15,20,0,0,0,0
12148.82,10,36,0,1,0,0
10208.97,4,8,1,1,1,1
6226.74,5,26,1,1,0,1
12213.77,0,24,0,0,1,1
7292.22,0,10,1,1,0,1
12197.55,17,18,0,1,1,1
11539.47,0,31,0,0,1,1
14327.05,0,18,0,0,1,1
13661.03,12,4,1,1,0,1
7333.68,15,33,1,0,0,0
1647.24,4,17,0,0,0,0
5119.7,1,23,0,0,0,0
14533.84,5,15,1,1,1,1
10906.04,21,5,0,1,1,1
7628.38,21,13,0,1,0,0
5879.79,3,15,1,1,1,1
10163.88,8,22,0,1,0,0
5182.02,20,7,0,0,0,0
3415.63,19,31,0,0,1,0
5674.66,14,34,0,1,0,0
6508.58,16,32,0,1,0,0
10357.95,8,37,1,0,1,1
9663.17,12,36,1,0,1,1
2281.88,22,19,1,0,1,1
12039.12,0,39,1,1,1,1
2483.71,16,34,1,0,1,1
11079.01,2,24,0,0,1,1
11547.46,6,6,0,0,0,0
4899.42,2,39,1,0,1,1
12811.57,7,31,0,1,1,1
13711.42,1,35,0,1,1,1
8376.46,18,23,0,0,0,0
11267.91,12,31,0,0,1,1
12958.35,10,7,0,1,1,1
927.24,16,37,0,0,1,0
7949.65,18,40,0,0,1,1
10437.7,21,14,0,1,1,1
9029.72,22,27,0,1,0,0
7139.09,18,21,0,1,1,1
10626.58,4,1,1,0,1,1
1758.47,1,31,0,1,1,1
2105.08,17,32,1,1,1,1
12434.22,7,6,0,0,0,0
2620.45,19,8,1,0,1,1
13501.38,3,10,0,0,1,1
166.53,8,31,1,1,0,0
13134.12,17,0,0,1,0,1
6561.37,3,24,1,1,1,1
13808.09,0,11,1,1,0,1
7465.29,6,2,0,0,1,0
12206.59,20,28,0,0,1,1
13980.99,22,3,0,0,0,0
4616.16,17,27,0,0,1,0
13428.49,7,23,1,0,1,1
8121.74,12,24,1,1,1,1
9375.18,13,9,0,1,1,1
4237.46,7,39,0,1,1,1
3287.71,10,2,1,1,1,1
2458.01,13,11,1,0,1,1
9313.27,23,4,0,1,0,1
6542.16,5,33,1,0,1,1
9250.23,5,10,0,0,0,0
6413.98,19,20,0,1,0,0
13415.75,17,30,0,1,0,0
14867.07,19,0,0,1,0,1
4791.59,6,12,0,0,0,0
10038.63,20,33,1,1,0,1
2608.76,19,34,1,0,1,1
529.8,22,31,1,0,1,1
9647.94,4,19,1,0,1,1
8424.25,9,28,0,0,1,1
6632.06,12,6,1,0,1,1
6911.86,9,4,1,0,1,1
2774.96,19,31,1,1,1,1
8929.34,9,1,0,1,0,0
9840.63,19,4,0,1,1,1
10476.06,14,14,0,1,1,1
4439.09,16,4,1,1,1,1
11092.0,9,24,1,1,0,1
163.4,0,15,1,1,0,1
6889.23,5,14,1,1,1,1
14074.45,0,22,0,0,1,1
4111.49,9,16,1,0,0,0
10300.41,14,29,0,0,1,1
12812.24,2,25,0,0,1,1
5411.1,11,12,1,0,1,1
8086.67,19,11,1,0,0,0
7948.21,4,38,1,1,1,1
3125.29,4,35,1,1,1,1
3542.82,6,40,1,1,0,0
5512.26,6,3,1,0,1,1
4364.58,18,14,1,1,1,1
10032.76,6,26,1,0,1,1
8084.16,1,37,1,0,0,1
8880.66,20,10,0,1,1,1
13352.51,10,34,0,0,0,0
13321.38,23,32,0,1,1,1
9677.38,9,39,1,1,0,1
6992.16,18,13,1,1,0,1
12100.6,1,15,0,0,1,1
82.09,8,21,0,0,1,0
10849.74,8,17,0,0,0,0
14785.94,4,6,1,0,1,1
5490.58,21,9,0,1,0,0
6756.03,16,34,0,0,0,0
6332.33,12,34,0,1,1,1
5076.01,15,21,1,0,0,0
9265.72,7,10,1,0,0,0
7406.56,15,37,0,0,0,0
10226.21,7,28,0,1,0,0
12682.36,16,34,1,0,1,1
14713.23,12,19,0,0,0,0
9593.66,11,24,0,1,1,1
7688.62,12,18,1,0,1,1
11159.2,1,40,1,0,0,1
6131.36,17,1,1,1,1,1
4281.38,16,25,0,1,1,1
5798.73,8,3,1,0,0,0
1768.79,20,39,0,0,1,0
10577.41,14,1,0,0,0,0
12708.15,13,9,0,0,0,0
5877.2,10,26,1,1,0,1
3201.07,7,31,1,1,0,1
12741.5,7,33,1,1,1,1
285.24,7,11,1,0,1,1
192.17,12,24,0,1,1,1
1371.35,8,16,0,1,1,1
10364.31,0,25,1,1,0,1
2171.08,18,26,0,1,1,1
4195.84,2,31,0,1,1,1
13848.99,3,30,0,1,1,1
6125.71,4,24,0,1,1,1
11099.53,2,14,1,1,1,1
1145.97,9,39,1,0,0,0
4835.99,14,22,1,0,0,0
1689.43,13,36,1,0,1,1
8938.83,22,40,0,1,0,0
6426.24,21,29,0,1,0,0
7204.24,13,21,1,0,1,1
9336.6,6,38,1,0,1,1
13825.74,13,8,0,1,1,1
4950.74,6,4,1,1,0,0
2651.93,19,1,1,0,0,0
6240.54,11,9,1,0,0,0
6698.18,3,1,1,1,0,1
8595.79,16,31,1,0,0,0
603.31,15,25,1,1,0,0
665.72,9,1,1,0,1,1
7883.99,22,32,1,0,1,1
11192.46,8,40,1,0,0,1
11956.92,1,18,0,1,1,1
6506.64,19,21,1,0,0,0
9617.28,17,18,0,1,1,1
4898.38,5,13,1,1,1,1
4898.65,22,36,1,0,0,0
262.26,11,14,1,1,0,0
10429.07,7,32,0,1,0,0
11866.39,7,10,1,0,0,0
6354.41,19,29,0,1,0,0
8033.55,9,25,0,1,1,1
6873.49,21,9,1,1,1,1
12773.92,0,32,1,0,1,1
4782.76,18,2,0,0,1,0
6610.6,1,5,1,0,0,0
259.58,11,29,0,0,0,0
8599.34,3,4,0,0,1,1
13637.49,17,11,0,1,1,1
11462.65,9,29,1,0,1,1
4675.2,20,20,0,0,0,0
2011.72,16,25,1,1,0,0
6778.76,17,28,1,0,1,1
13867.0,10,19,1,1,1,1
4443.0,10,16,1,1,0,0
9719.66,2,36,1,0,1,1
12583.37,3,15,0,0,0,0
1023.81,5,8,0,0,0,0
13994.19,20,24,0,1,1,1
899.65,10,40,1,0,1,1
14453.43,15,32,1,0,1,1
7977.58,22,15,0,0,1,0
2482.07,22,38,1,1,1,1
3381.28,3,26,1,0,0,0
466.31,9,25,0,1,0,0
3044.19,2,24,1,0,0,0
14229.78,0,25,0,0,1,1
4965.16,11,16,1,1,1,1
2922.52,12,25,0,1,1,1
4100.55,19,32,1,0,1,1
1467.4,9,28,1,1,0,0
1835.73,20,31,0,0,0,0
2065.95,23,7,1,1,1,1
2154.96,17,23,0,1,1,1
3273.06,4,15,1,0,0,0
2468.65,23,31,0,0,0,0
394.95,23,10,0,0,0,0
6164.93,5,34,0,1,1,1
8222.23,11,25,1,0,1,1
11036.95,1,19,0,0,1,1
6072.58,6,8,1,0,1,1
4913.51,7,33,1,0,1,1
1317.02,23,22,1,0,1,1
708.96,15,40,1,1,1,1
5943.98,8,1,1,0,0,0
2127.93,6,10,1,0,1,1
3200.02,10,17,1,1,1,1
190.46,18,17,1,0,1,1
8380.74,23,36,1,0,1,1
11464.46,9,17,1,0,0,1
8088.7,7,15,1,0,1,1
6762.79,20,2,1,1,1,1
2975.48,7,24,0,0,1,0
8340.83,0,19,0,0,0,0
7859.52,15,28,1,0,1,1
1136.39,2,12,1,0,1,1
4787.96,1,1,0,0,1,0
13404.41,14,32,1,1,1,1
11358.26,7,21,0,0,0,0
5399.21,21,40,1,0,0,0
4515.35,23,10,1,1,1,1
8632.28,7,1,1,0,1,1
3628.5,2,10,0,1,1,1
5707.59,23,18,0,0,0,0
10216.03,14,25,1,0,1,1
13468.51,1,31,1,1,0,1
3170.53,0,0,0,0,0,0
9066.3,20,13,1,1,1,1
5159.53,19,30,0,1,0,0
11441.78,15,14,0,1,0,0
10640.38,8,40,1,1,1,1
11496.57,22,26,1,0,1,1
13627.47,1,5,1,1,0,1
4930.92,13,14,0,0,1,0
7094.66,4,39,1,1,1,1
5944.69,17,15,0,1,1,1
8368.66,13,10,1,1,1,1
4437.74,8,23,0,1,0,0
4161.38,3,15,0,1,0,0
1710.52,12,29,0,1,0,0
14549.23,19,37,1,1,0,1
12701.76,0,1,1,0,0,1
10493.21,16,38,1,0,1,1
7233.08,12,27,1,1,1,1
3419.6,13,26,0,0,1,0
5304.69,1,30,0,1,1,1
2281.14,0,21,0,1,1,1
13243.31,6,31,0,0,0,0
2395.77,19,9,0,1,1,1
14932.21,17,38,0,0,1,1
8943.8,21,18,0,0,1,1
987.8,2,40,1,0,0,0
6796.89,7,17,0,1,1,1
9897.04,15,22,0,0,0,0
13894.25,23,27,1,1,1,1
12450.37,11,12,1,0,1,1
12829.98,1,23,0,1,1,1
380.53,10,26,0,1,1,1
8980.49,14,15,0,1,0,0
7490.82,14,6,0,1,1,1
12962.92,17,5,0,1,1,1
812.17,21,2,1,0,1,1
5425.04,14,31,1,1,0,1
4414.91,2,37,0,0,1,0
10060.1,22,25,0,1,1,1
3606.77,16,5,0,1,0,0
516.8,16,34,0,0,1,0
11023.63,16,23,0,0,0,0
3322.78,5,21,1,1,0,0
7070.69,12,25,1,1,1,1
5618.19,13,31,1,0,0,0
216.55,15,25,0,1,0,0
9430.64,23,32,0,1,1,1
6735.11,5,33,0,1,1,1
6811.86,0,17,1,1,1,1
3166.47,4,15,1,0,1,1
154.02,16,39,0,1,1,1
12116.73,12,18,1,0,0,0
8235.31,13,3,0,1,1,1
14525.54,8,24,0,1,0,0
1052.99,14,25,0,0,0,0
4028.79,23,14,0,1,0,0
10342.47,10,23,1,0,0,1
9152.14,0,3,1,0,0,1
12614.7,14,20,1,0,0,0
9306.21,12,16,0,1,1,1
11069.44,9,34,1,1,1,1
1819.62,2,38,0,1,0,0
12412.33,15,6,1,0,1,1
3609.12,0,4,0,1,0,0
6658.37,14,30,1,1,0,1
10339.3,12,28,1,0,0,0
9662.33,5,1,1,0,0,1
1974.07,19,20,0,1,0,0
2620.24,7,32,1,0,0,0
75.87,16,34,0,1,0,0
6399.98,22,8,1,0,0,0
9680.74,13,37,0,1,1,1
13586.53,3,6,0,1,0,1
6391.28,20,26,1,0,0,0
14649.92,3,25,0,0,1,1
11669.83,16,38,0,0,1,1
2818.25,23,30,0,0,1,0
14277.94,8,37,1,0,1,1
546.74,15,20,0,0,0,0
8559.77,7,35,1,1,1,1
13685.06,19,39,1,1,0,1
6069.27,19,32,0,1,0,0
11996.29,8,11,0,1,1,1
5630.56,7,5,1,1,1,1
4963.38,7,36,0,1,0,0
10866.41,13,11,0,1,1,1
9202.29,12,2,1,0,1,1
2718.17,8,24,1,1,1,1
11752.5,9,37,0,0,1,1
13440.29,18,21,1,0,1,1
8037.15,19,33,0,0,1,1
8936.81,20,26,1,1,1,1
9837.03,16,11,1,1,1,1
6061.15,18,0,1,1,0,1
10269.12,19,5,0,1,1,1
7174.91,3,4,0,1,1,1
13665.21,23,7,0,1,0,1
2564.79,15,16,1,0,0,0
7473.47,21,39,0,0,0,0
13556.85,10,9,0,1,0,1
3876.27,2,27,1,1,1,1
7706.86,3,40,0,0,1,1
2114.67,21,29,1,1,0,0
11813.23,19,29,0,0,1,1
13540.36,0,10,1,1,1,1
2670.2,16,15,0,0,1,0
10955.62,1,5,0,0,0,0
2326.7,7,40,1,0,0,0
10172.96,23,34,0,0,1,1
8440.24,2,11,0,0,1,1
10298.03,1,6,1,1,1,1
9017.73,13,12,1,1,0,1
12023.7,7,33,0,1,0,0
5933.21,14,34,0,1,0,0
4280.17,18,10,1,1,0,0
7139.56,21,28,1,1,1,1
5121.02,10,8,0,1,1,1
9133.67,17,37,0,0,1,1
841.43,6,15,0,0,0,0
1692.86,7,40,0,0,0,0
13630.13,9,29,0,0,1,1
14739.55,13,28,1,1,0,1
2066.32,19,28,1,1,0,0
7081.04,2,24,1,0,1,1
11327.86,19,14,1,0,0,0
12682.3,18,17,0,1,0,0
9891.39,8,15,0,0,1,1
11988.18,21,8,1,1,1,1
6509.46,22,19,0,1,0,0
12894.4,14,25,1,0,0,0
1021.85,22,17,0,1,1,1
10479.08,2,14,1,0,0,1
15.28,13,35,0,1,1,1
12051.15,12,14,1,0,1,1
11838.54,13,15,1,1,1,1
6391.45,10,37,0,0,1,1
4366.77,8,37,0,1,1,1
4583.68,16,22,1,1,1,1
10105.35,12,5,0,1,1,1
7693.23,3,14,1,0,1,1
260.31,0,6,0,1,0,0
2763.93,23,16,1,0,0,0
1024.04,19,14,0,1,0,0
4545.49,19,13,1,1,1,1
359.38,20,27,1,0,0,0
11131.92,23,5,0,0,1,1
11901.99,7,4,0,0,1,1
2954.66,12,14,0,0,0,0
6917.21,11,1,1,0,1,1
9981.71,2,19,0,0,0,0
3047.13,5,27,0,0,0,0
14923.05,21,12,1,1,1,1
993.93,20,27,1,0,0,0
9811.81,10,4,1,1,1,1
6102.67,19,4,1,1,1,1
11850.29,17,9,1,1,1,1
3789.88,5,30,1,0,1,1
4107.03,1,10,0,1,0,0
6220.74,2,37,0,1,1,1
13337.52,20,40,0,1,0,0
5041.27,20,37,1,0,1,1
13472.35,8,12,1,0,0,1
11654.13,5,24,1,0,0,0
6400.9,0,25,1,1,1,1
5921.03,11,26,0,0,1,0
5423.1,8,4,0,0,1,0
9040.43,4,23,1,0,1,1
6147.82,6,26,0,0,0,0
388.62,9,34,1,0,0,0
14944.22,23,8,1,0,1,1
14538.91,10,13,1,0,0,0
8343.74,21,16,1,1,1,1
7777.49,8,0,0,1,0,0
10584.88,0,16,1,1,1,1
8540.95,5,27,1,1,1,1
5670.47,17,33,0,1,0,0
11475.87,10,31,1,1,0,1
8785.51,23,12,0,1,0,0
2598.46,17,15,0,0,1,0
12063.62,15,34,1,0,1,1
9637.66,21,27,0,1,1,1
4132.03,18,0,0,0,0,0
6603.14,21,9,0,0,1,0
13455.16,8,34,1,0,0,0
5667.92,7,8,0,1,1,1
4075.73,23,22,0,0,1,0
13494.27,10,29,1,1,1,1
351.2,19,5,0,0,0,0
145.19,0,16,1,1,0,1
7842.54,23,22,0,0,1,0
10042.17,9,32,0,0,0,0
12308.65,20,30,1,1,0,1
1711.72,3,11,0,0,1,0
2408.93,21,21,0,0,0,0
9937.87,15,31,1,1,0,1
9581.41,14,27,1,1,1,1
3984.56,1,26,0,0,0,0
7207.04,11,37,1,0,1,1
6024.9,9,1,0,0,0,0
12275.16,20,13,0,1,1,1
8593.92,8,1,1,1,0,1
7628.4,17,37,1,0,0,0
6090.79,19,4,1,1,1,1
4804.77,5,34,0,1,0,0
3303.76,7,4,0,1,1,1
4781.88,5,37,1,1,0,0
6634.8,8,12,0,1,0,0
10134.06,19,12,0,1,0,1
14034.47,17,6,1,0,1,1
13116.96,20,24,0,0,1,1
7152.57,0,31,1,1,0,1
9965.67,5,32,0,0,0,0
2891.88,12,11,0,0,0,0
12247.76,12,12,0,1,1,1
9952.83,8,10,1,1,0,1
3423.7,16,0,0,0,0,0
2726.9,6,12,0,0,0,0
6067.2,0,19,0,1,0,0
14829.36,1,17,1,1,1,1
2716.2,12,4,1,1,0,1
1820.84,10,0,0,0,0,0
10978.06,23,38,1,1,0,1
11863.05,3,2,1,0,0,1
1027.15,0,39,1,0,1,1
5504.98,3,23,1,0,1,1
14177.34,2,4,0,1,1,1
100.66,16,30,1,1,1,1
12751.14,11,32,0,0,1,1
250.6,20,9,0,0,1,0
12709.62,15,24,1,1,0,1
8929.56,0,18,1,1,0,1
3023.34,20,1,0,1,1,1
5831.09,8,15,1,1,0,1
6590.06,21,27,1,0,1,1
3993.79,5,26,1,1,1,1
637.23,5,33,0,0,0,0
1887.87,7,14,0,0,1,0
8709.5,15,1,1,0,1,1
2339.03,10,34,0,0,1,0
14521.54,19,4,1,0,0,0
1165.9,2,8,0,1,1,1
385.69,3,10,0,1,0,0
2851.64,23,18,1,1,1,1
6148.44,5,15,1,0,1,1
1312.55,4,23,0,0,0,0
6865.72,3,22,1,1,0,1
6154.58,12,16,1,1,1,1
2984.58,20,8,1,0,1,1
11622.77,23,6,0,0,0,0
9338.5,18,3,0,0,0,0
12213.34,2,1,0,1,1,1
5569.29,5,27,1,1,1,1
12765.72,19,9,1,0,1,1
9976.77,5,18,0,1,1,1
12197.08,8,1,0,0,0,0
5476.6,9,11,1,1,0,1
8456.57,0,39,0,0,1,1
4821.0,15,13,0,1,1,1
3316.43,2,19,1,1,1,1
4455.8,4,2,1,0,1,1
1430.96,8,14,1,1,1,1
11181.59,4,39,1,1,1,1
5970.84,9,36,0,1,0,0
7710.16,7,15,1,1,1,1
6794.69,12,32,1,0,0,0
7925.87,19,33,1,1,1,1
9276.95,8,0,1,0,1,1
1943.86,19,10,1,1,0,1
7238.19,20,7,0,0,1,0
6119.31,9,17,0,0,0,0
11742.42,20,10,1,0,1,1
5871.48,12,26,1,0,1,1
3134.47,5,4,0,0,1,0
3708.78,7,22,1,1,1,1
8003.3,17,5,1,0,0,0
13212.85,23,1,1,0,1,1
9385.66,6,19,1,1,0,1
4105.97,22,15,0,1,0,0
1653.13,5,17,1,0,0,0
9404.52,23,11,1,0,0,1
4829.22,7,33,1,1,0,0
5271.16,19,19,0,1,0,0
9107.61,23,6,0,0,1,1
39.68,13,34,0,0,0,0
6786.47,21,7,1,1,0,1
10354.81,13,22,0,1,0,0
1236.83,10,3,1,0,1,1
7167.9,0,39,0,1,1,1
3259.39,7,38,1,1,0,1
5690.04,15,14,0,0,0,0
13379.41,11,20,1,1,0,1
8972.72,3,20,0,0,0,0
9323.2,1,39,1,1,0,1
9441.87,3,15,0,1,0,1
10038.12,16,39,0,0,1,1
13075.03,2,11,0,1,1,1
3495.0,9,19,1,0,1,1
2203.39,14,9,0,1,0,0
4677.35,17,39,0,1,0,0
13791.01,1,20,0,1,1,1
3374.04,14,20,0,0,0,0
8957.07,12,33,0,0,1,1
11522.84,4,23,0,1,1,1
10642.18,15,22,1,0,1,1
4938.83,13,12,0,0,1,0
2619.76,13,9,1,0,1,1
1263.09,8,6,1,0,0,0
1403.05,22,37,0,1,0,0
5812.57,12,39,1,1,1,1
14226.39,22,40,1,1,0,1
5056.84,9,30,0,1,1,1
12830.93,6,6,1,0,0,0
9677.86,6,38,0,1,1,1
1387.49,13,34,0,1,0,0
9000.97,8,23,0,0,1,1
4410.2,12,30,0,0,1,0
3368.62,3,33,0,1,0,0
12671.07,11,35,0,1,0,0
5334.03,13,4,1,1,0,1
12841.38,7,31,1,0,1,1
4845.31,8,19,1,0,0,0
8540.68,16,14,0,1,1,1
8125.46,22,5,1,1,1,1
14465.75,20,16,1,0,1,1
13723.43,11,22,1,0,0,1
4342.76,17,23,0,1,1,1
5850.32,12,27,0,0,0,0
8714.98,4,12,0,1,1,1
13218.3,13,0,1,1,0,1
4706.35,17,40,0,1,0,0
4733.54,16,10,0,0,0,0
4241.0,8,2,0,0,1,0
2777.96,23,3,1,0,0,0
7765.2,15,12,0,0,1,0
5806.14,15,19,0,1,1,1
10620.24,8,1,0,1,0,0
6582.25,6,16,1,1,0,1
2148.79,4,0,0,1,1,1
7206.39,2,36,0,0,1,1
11955.57,12,10,1,1,0,1
386.16,13,30,1,1,1,1
12912.91,12,7,0,0,0,0
3587.91,20,9,1,1,0,0
1206.71,5,25,1,0,0,0
9230.13,6,32,0,0,0,0
13628.14,13,24,1,0,0,0
11052.94,7,5,0,1,1,1
138.8,15,24,0,1,0,0
11962.98,20,18,0,0,0,0
5495.29,6,15,1,1,1,1
3920.72,11,32,0,0,0,0
1356.17,21,23,1,0,0,0
1178.09,19,38,0,0,0,0
10304.58,11,0,1,0,1,1
8379.24,4,37,1,0,0,1
4780.6,14,25,0,0,1,0
14719.91,14,29,1,1,1,1
1377.4,10,32,0,0,1,0
5640.97,22,20,1,0,1,1
8180.96,16,33,1,1,0,1
7401.99,19,13,0,1,0,0
5406.57,22,24,0,0,1,0
3552.47,8,36,1,1,0,0
4305.48,17,34,1,0,0,0
12506.58,11,20,0,0,1,1
8897.22,5,20,1,1,0,1
12918.42,17,21,1,1,0,1
8084.74,5,27,0,1,1,1
7128.06,14,13,0,1,1,1
11353.91,8,20,1,1,1,1
8719.3,16,39,1,1,1,1
737.18,0,18,1,0,0,0
163.93,19,17,1,0,0,0
6424.51,22,30,0,1,1,1
10720.63,6,27,0,1,0,0
6091.35,5,22,0,0,1,0
10527.09,10,33,1,0,0,0
11563.86,5,35,0,0,1,1
8667.09,12,12,1,0,0,0
7076.02,2,2,1,0,1,1
9811.34,20,29,1,1,1,1
13817.19,9,7,0,0,1,1
5773.81,6,3,0,1,0,0
9398.25,12,33,1,1,0,1
9521.26,22,21,1,0,0,0
1891.62,0,37,1,1,1,1
1194.61,23,5,0,1,0,0
3004.13,21,36,0,0,0,0
7806.37,8,11,1,1,0,1
9956.64,4,17,1,1,1,1
10924.08,4,19,1,0,1,1
1901.47,16,37,0,1,1,1
13738.91,18,30,1,1,0,1
7346.16,3,8,1,0,1,1
1069.12,17,24,0,0,0,0
5162.89,22,4,1,1,0,1
5149.91,14,0,0,1,1,1
12805.76,8,22,1,0,0,0
2822.33,9,21,0,0,0,0
10579.63,15,28,1,0,1,1
12692.07,7,7,0,0,0,0
4458.77,7,24,1,0,1,1
8781.8,18,40,0,0,0,0
4395.99,2,20,0,0,1,0
11874.85,2,2,0,1,0,1
806.6,8,27,0,1,1,1
4552.1,7,13,1,0,1,1
12996.68,3,4,1,0,0,1
10338.33,2,22,1,0,0,1
12835.15,10,7,0,1,0,0
8790.07,7,32,1,0,1,1
13899.34,13,9,0,0,1,1
3333.5,4,6,0,1,0,0
13120.8,9,14,1,1,0,1
4560.74,20,1,0,0,0,0
13112.69,4,10,0,1,0,1
5416.42,19,39,1,0,0,0
6024.37,6,11,1,0,0,0
13060.65,11,9,1,1,1,1
9659.82,12,17,1,0,0,0
14305.94,12,20,1,0,0,0
9668.61,14,21,0,1,1,1
8294.84,2,36,1,0,1,1
12778.11,22,2,0,1,0,1
14352.06,4,27,1,0,1,1
3058.99,21,27,1,0,1,1
8518.44,10,30,1,1,1,1
5129.17,15,36,1,0,1,1
9177.5,1,7,0,1,1,1
11403.83,20,11,1,1,1,1
10221.4,6,36,0,1,1,1
7559.14,4,11,1,1,0,1
4397.93,18,36,0,0,0,0
13004.78,15,12,0,0,1,1
122.92,15,27,1,0,0,0
4230.5,5,32,1,0,1,1
2501.3,9,14,1,0,0,0
14576.42,16,24,1,1,1,1
1324.48,6,4,1,1,0,0
1254.33,3,18,0,1,0,0
10949.92,3,18,0,1,1,1
5678.67,4,34,1,0,1,1
8190.59,5,9,0,0,0,0
11740.26,0,15,1,0,0,1
13947.66,10,33,1,1,1,1
4255.26,0,38,0,1,1,1
13824.0,11,15,1,0,0,0
8328.82,12,17,1,0,0,0
4753.24,23,23,1,1,0,0
485.97,16,7,1,0,0,0
4806.39,21,32,0,1,0,0
5664.7,13,32,0,0,1,1
10352.25,20,40,0,1,0,0
4256.36,10,4,0,0,0,0
2542.41,12,30,1,0,0,0
10635.88,18,19,0,0,1,1
10160.16,9,25,0,0,1,1
10158.62,14,40,0,1,0,0
10402.61,14,10,1,1,0,1
7272.3,23,24,0,1,0,0
12755.99,8,3,1,0,0,0
2016.17,7,3,0,1,1,1
13208.3,11,27,0,0,0,0
11504.97,16,2,0,1,0,1
13419.07,5,22,1,0,0,0
2823.24,9,35,1,1,1,1
2021.14,23,23,1,0,0,0
12508.83,6,16,0,1,1,1
9380.37,23,39,1,0,0,1
14355.69,20,31,1,1,1,1
305.94,18,24,0,0,1,0
3113.98,9,25,0,0,1,0
510.87,3,9,0,0,1,1
1292.43,4,13,0,0,1,0
5099.98,2,34,0,1,1,1
6410.6,5,1,0,1,1,1
10122.99,14,35,0,1,0,0
7386.35,23,29,1,0,1,1
7231.74,19,33,0,0,0,0
13045.79,22,6,0,0,0,0
13718.58,12,12,1,0,0,0
13255.29,9,6,0,1,1,1
6457.77,22,13,0,0,1,0
5177.34,14,11,1,1,1,1
4143.26,4,28,1,1,0,1
6830.92,22,33,1,0,0,0
6566.19,7,0,0,0,0,0
9908.89,2,21,1,0,0,1
7152.26,7,26,0,1,1,1
10406.89,20,36,0,0,0,0
813.99,13,1,1,0,1,1
7138.18,8,16,0,1,1,1
487.87,2,24,0,0,1,1
347.83,12,6,0,1,1,1
6670.7,23,38,1,0,1,1
6763.62,17,4,0,0,0,0
1732.18,4,28,0,0,0,0
4439.22,13,35,0,0,0,0
10029.97,6,27,1,0,0,0
5962.13,16,11,1,1,0,1
7476.43,10,15,0,1,1,1
9891.3,9,7,0,1,1,1
12003.74,8,26,1,0,1,1
3071.21,21,23,0,1,0,0
1454.43,15,19,0,0,1,0
10648.66,5,39,1,1,0,1
5844.95,12,9,1,1,1,1
14093.96,11,23,0,1,0,0
5461.38,21,38,1,1,1,1
6364.55,19,17,0,0,1,1
6223.84,23,0,1,1,1,1
13929.01,9,22,0,1,1,1
14003.87,17,26,0,0,1,1
2084.43,7,10,0,0,1,0
12845.87,12,10,1,1,1,1
569.45,10,0,1,1,0,1
8131.54,18,39,1,1,0,1
2935.68,0,3,0,1,0,0
4566.0,8,15,1,1,0,0
13180.61,23,15,0,1,0,1
13072.97,7,29,1,1,1,1
10543.6,13,8,0,0,1,1
14147.49,3,2,0,0,1,1
9359.43,23,39,1,1,1,1
7162.2,13,23,1,0,0,0
14123.11,11,0,1,1,0,1
12288.83,10,24,0,0,0,0
323.94,13,38,0,0,1,0
12066.81,2,9,1,0,1,1
14651.11,3,6,0,1,0,1
4518.33,23,0,0,1,1,1
13916.49,1,36,0,0,0,0
9354.2,10,26,0,1,0,0
12021.74,4,10,1,1,0,1
12912.57,4,38,1,0,1,1
7565.54,0,12,0,1,0,0
8684.57,8,20,0,0,0,0
8207.87,3,0,0,1,1,1
2223.1,16,4,1,1,0,1
3694.51,23,37,1,1,1,1
12032.72,8,32,1,0,1,1
1115.98,14,15,1,0,0,0
12810.56,19,10,1,0,0,0
1700.03,1,8,1,0,1,1
8560.56,4,18,0,1,0,1
1743.23,7,35,0,1,0,0
4903.75,13,2,1,1,0,0
3238.24,20,17,0,1,0,0
12982.75,17,3,0,1,0,0
8142.09,12,12,1,0,1,1
1493.95,13,39,0,1,1,1
1191.13,5,28,1,0,0,0
9739.21,20,33,1,1,0,1
5532.93,6,12,0,1,0,0
9830.84,8,4,1,1,0,1
98.0,23,1,1,1,0,0
6624.59,16,35,1,1,0,1
7737.96,15,0,1,0,1,1
618.64,5,34,1,1,0,0
4640.94,21,26,1,0,1,1
2597.82,8,10,1,0,0,0
11619.54,2,25,0,1,0,1
4988.16,8,13,1,0,1,1
12188.92,7,5,1,1,0,1
11048.95,19,13,0,1,1,1
6688.33,20,9,0,0,0,0
14042.1,2,17,0,1,0,1
1406.18,17,18,1,1,1,1
2939.34,5,5,0,0,1,0
13043.37,13,14,0,0,1,1
3004.52,9,9,1,1,1,1
14495.72,12,3,1,0,0,0
11487.67,16,5,0,1,0,0
4847.93,14,31,1,0,0,0
9977.83,10,8,0,1,0,0
8664.44,10,15,1,1,0,1
14803.22,20,16,1,0,0,0
13517.76,2,32,1,1,1,1
5505.73,21,38,0,0,0,0
4757.91,10,11,0,0,0,0
7251.29,7,33,1,0,0,0
8068.56,22,31,0,1,0,0
7574.64,5,33,1,1,0,1
3128.08,4,39,0,1,1,1
13874.23,7,23,1,0,1,1
10046.3,17,18,1,1,1,1
5075.0,13,7,1,0,0,0
1618.93,19,20,1,0,0,0
14674.4,21,37,0,1,0,0
12664.97,8,19,0,1,0,0
5719.63,7,8,1,0,1,1
14724.19,21,8,1,1,0,1
2764.96,5,7,0,1,0,0
8461.62,21,5,1,1,0,1
3002.92,2,25,0,0,0,0
6038.32,10,35,1,1,1,1
14935.61,15,3,1,0,0,0
7920.29,14,4,1,0,1,1
9701.25,0,10,1,1,1,1
7884.17,12,40,0,0,1,0
6232.5,13,18,1,0,1,1
12865.06,4,5,0,1,1,1
13881.58,20,16,0,0,1,1
12158.39,6,22,0,0,1,1
11677.45,1,11,0,1,0,1
3685.1,8,0,0,0,0,0
7255.23,12,16,1,0,1,1
9739.92,11,23,1,1,1,1
11188.86,23,15,0,1,1,1
8411.71,3,19,0,1,1,1
2114.38,15,9,0,0,0,0
2815.38,13,11,0,0,0,0
4679.05,19,19,0,1,1,1
8225.2,2,39,1,1,1,1
2032.68,19,4,0,1,1,1
10268.98,18,18,1,0,1,1
2296.46,3,34,1,0,1,1
9173.9,18,15,1,0,1,1
11517.07,9,19,1,1,0,1
14492.19,5,39,0,0,1,1
9576.33,10,38,0,0,0,0
509.09,4,7,1,0,0,0
2125.45,8,24,0,0,0,0
11417.88,11,29,1,0,1,1
13035.83,12,37,1,0,0,0
8761.61,20,12,1,0,0,1
13171.54,11,14,1,0,1,1
10847.22,5,26,1,0,1,1
1785.09,17,4,0,0,0,0
8395.46,13,31,1,1,1,1
10582.28,4,15,0,1,0,1
12565.96,1,12,1,1,0,1
14540.07,13,0,0,0,0,0
4570.13,7,36,0,1,0,0
9628.45,13,33,1,1,1,1
5217.68,5,15,1,0,1,1
13048.08,20,39,1,0,0,1
7653.05,16,9,0,1,1,1
244.13,11,25,1,0,0,0
6877.97,16,7,1,1,0,1
4741.54,10,21,1,1,0,0
13893.38,2,31,1,0,0,1
7036.29,20,25,1,0,1,1
14506.61,17,4,1,1,1,1
13838.16,0,3,1,1,0,1
7625.0,3,15,0,0,1,1
1366.2,8,0,1,1,1,1
7463.11,15,11,0,1,1,1
1351.58,2,18,1,0,0,0
4429.16,23,31,0,1,1,1
11766.27,7,5,0,0,0,0
3164.34,8,15,1,0,0,0
6066.17,19,36,0,1,1,1
3281.1,20,9,1,1,0,0
296.73,9,5,0,1,0,0
5043.72,18,40,0,0,1,0
5577.41,17,36,1,0,1,1
141.26,20,26,1,0,0,0
6432.62,17,4,0,0,1,0
4799.19,4,13,0,0,1,0
6269.05,5,37,0,1,1,1
9203.29,20,29,1,1,0,1
7131.07,18,25,1,1,0,1
4942.77,12,37,0,0,0,0
2129.63,22,22,1,1,1,1
1675.95,11,35,0,0,1,0
9599.53,15,25,0,0,1,1
2280.52,14,29,1,1,0,0
5013.51,1,10,1,1,0,1
9700.31,21,10,1,1,1,1
7193.65,11,39,1,0,0,0
7847.31,7,7,1,0,1,1
9602.02,20,31,0,0,0,0
13550.67,15,39,1,1,1,1
6583.02,22,9,1,1,1,1
747.23,3,4,0,0,1,0
3622.49,23,9,0,0,0,0
9870.37,17,40,0,1,1,1
7092.54,18,25,0,1,1,1
8470.24,16,19,0,0,1,1
14112.79,23,24,0,1,0,1
13584.39,16,2,1,0,1,1
1813.68,1,2,1,0,0,0
12782.68,22,34,1,1,0,1
11251.12,7,37,0,1,1,1
14261.41,10,24,0,0,1,1
5593.81,20,29,1,0,1,1
3001.98,0,38,0,1,0,0
3305.5,13,8,0,1,0,0
7450.31,13,12,1,1,1,1
10624.99,6,9,0,1,1,1
11431.31,18,10,0,1,0,1
12216.23,14,11,0,1,0,0
6437.42,13,35,0,1,0,0
10947.69,2,32,0,1,1,1
6262.13,16,12,0,1,0,0
12154.14,13,2,1,0,0,0
5188.27,1,6,1,1,0,1
6440.67,14,30,0,1,1,1
11452.34,2,28,1,1,1,1
309.7,15,17,0,1,0,0
12970.47,6,21,1,1,1,1
5948.1,5,4,1,0,1,1
10691.87,16,30,1,0,0,0
8185.16,3,40,1,1,0,1
5702.32,2,18,0,1,1,1
12592.96,20,18,1,0,1,1
7056.46,2,12,0,1,0,0
8442.33,5,30,1,0,0,1
6347.16,18,2,1,0,0,0
1074.21,18,39,1,0,1,1
8535.28,6,13,0,0,0,0
2678.88,0,20,1,1,1,1
13316.37,6,33,1,0,0,0
2342.29,3,34,1,1,0,1
4126.31,17,11,0,0,1,0
9751.77,22,8,0,1,0,1
4856.01,13,33,0,0,0,0
4848.2,21,39,0,1,1,1
3963.85,3,11,0,0,1,0
6053.61,20,36,0,1,0,0
3028.49,18,34,0,0,1,0
4588.5,7,20,0,1,0,0
378.68,4,1,0,0,1,0
7713.94,3,13,0,1,0,0
11155.22,18,10,0,0,0,0
6957.45,10,22,0,1,0,0
2979.23,4,7,0,1,1,1
10581.14,13,5,0,0,0,0
11914.23,9,2,1,0,0,0
13182.8,18,36,0,1,0,0
11060.17,5,3,1,0,0,0
3885.23,7,35,1,1,0,0
5961.48,2,8,0,1,0,1
14994.01,20,19,0,1,0,1
46.59,18,34,1,0,0,0
8052.63,7,19,1,0,1,1
1653.92,23,12,0,1,0,0
11940.36,13,12,1,1,1,1
2899.54,21,13,1,0,0,0
11799.93,9,0,1,1,0,1
14647.26,22,15,0,0,0,0
13668.22,8,14,0,1,0,0
11240.89,21,1,1,1,0,1
10306.97,15,37,0,0,1,1
3493.13,9,24,0,1,1,1
12999.7,21,32,0,0,0,0
8433.37,21,3,0,1,0,1
11728.65,23,38,0,1,0,0
10072.49,7,33,0,0,1,1
5186.15,4,6,0,1,0,0
2203.3,9,36,1,1,0,0
10243.74,19,30,0,0,0,0
11803.82,2,8,0,1,1,1
13782.27,2,15,1,0,1,1
2128.96,4,14,1,0,0,0
6253.07,8,36,0,1,0,0
8775.55,14,1,0,1,0,0
13461.45,4,38,1,0,1,1
14021.25,18,29,1,0,1,1
1082.65,7,15,0,1,0,0
3891.56,9,11,1,1,1,1
9541.35,5,7,1,1,0,1
9175.16,14,13,0,0,1,1
9104.68,19,29,1,0,1,1
3597.72,15,25,1,0,1,1
12875.79,11,13,1,1,1,1
14737.25,12,24,0,1,0,1
13089.93,20,30,0,1,0,0
9269.65,7,19,0,0,0,0
1741.12,7,10,0,0,0,0
13928.3,21,40,0,1,0,0
11163.7,1,35,1,0,1,1
14321.62,19,22,1,0,0,0
13726.48,11,10,0,0,0,0
2316.68,4,12,1,1,0,1
14581.22,13,25,1,1,1,1
736.66,16,17,0,1,0,0
11109.04,20,11,0,1,1,1
13587.49,2,16,1,1,1,1
2191.1,12,13,1,1,1,1
14335.73,20,38,1,0,0,0
11997.68,19,20,1,1,0,1
7962.17,6,37,0,1,0,0
8799.93,8,7,1,1,0,1
11390.62,16,33,1,1,0,1
4987.54,13,40,1,1,1,1
3946.52,2,5,0,0,0,0
10448.11,20,33,1,0,1,1
12781.83,16,33,1,1,0,1
14710.63,21,24,0,1,0,0
13108.57,13,24,0,1,0,0
7493.66,12,28,1,0,0,0
3930.13,2,28,1,0,0,0
5151.06,13,31,0,0,1,0
12213.93,13,40,0,0,1,1
1760.86,18,23,0,1,1,1
5483.81,8,33,0,1,0,0
4771.35,19,2,1,1,0,0
11021.28,9,3,0,1,0,0
1100.09,6,12,1,1,1,1
14529.88,11,11,1,0,0,1
8704.76,13,38,0,1,0,0
2418.11,11,30,1,0,0,0
2212.63,13,36,1,0,0,0
8970.33,12,11,0,0,1,1
7213.31,5,33,1,1,1,1
7821.32,6,24,0,1,1,1
13471.88,20,10,0,1,0,0
4774.57,3,2,0,1,1,1
4692.18,6,32,0,0,1,0
12675.18,4,34,1,1,1,1
13170.52,5,24,0,0,0,0
1241.32,21,14,1,0,0,0
9448.61,12,12,1,0,1,1
14736.09,16,26,1,0,0,0
4071.57,9,27,1,1,1,1
12659.83,10,7,0,1,1,1
10352.64,6,27,1,0,1,1
100.22,7,38,1,1,0,0
12578.34,14,14,0,0,0,0
9461.41,8,6,1,0,0,0
3186.69,20,29,0,0,0,0
6970.13,11,35,1,0,0,0
1986.21,21,23,1,0,1,1
8723.64,15,39,0,0,0,0
9917.01,1,12,0,0,1,1
549.61,14,13,0,0,0,0
11505.03,2,12,0,0,1,1
10134.17,16,3,0,1,0,0
5127.43,0,28,0,1,1,1
11325.87,18,25,1,1,1,1
4120.35,22,0,0,0,1,0
8201.37,23,9,1,0,1,1
13764.77,4,32,0,0,0,0
14384.85,10,8,1,1,1,1
13021.66,12,0,0,0,1,1
8660.63,21,38,0,1,0,0
4661.52,22,19,1,1,0,1
12525.98,23,4,1,1,1,1
7246.69,12,21,0,1,0,0
7157.17,20,9,1,0,0,0
6861.82,1,12,0,0,0,0
7030.02,6,19,0,0,0,0
10908.56,21,30,1,0,0,0
13728.55,12,34,1,0,1,1
3300.39,23,38,0,0,0,0
472.07,22,1,0,0,1,0
7171.7,13,39,0,1,1,1
3093.85,1,15,1,0,0,0
1463.09,0,0,1,1,1,1
1871.91,22,25,0,1,0,0
13252.93,2,15,1,1,0,1
1288.08,2,8,1,0,0,0
5591.92,13,26,1,1,1,1
13046.97,1,18,0,1,1,1
6350.77,22,29,1,0,1,1
13795.86,23,35,1,0,0,0
2245.21,10,5,0,0,1,0
1380.42,7,38,0,0,0,0
7638.21,20,19,1,1,0,1
10156.68,0,39,0,1,0,1
6404.68,1,25,0,1,1,1
8928.11,3,31,1,1,0,1
9369.1,19,13,1,1,0,1
6708.39,10,3,0,1,0,0
11808.71,17,5,0,1,1,1
5016.21,14,40,1,1,0,1
13017.89,21,6,0,1,1,1
13530.36,2,4,1,0,0,1
4750.0,16,38,1,1,0,0
7197.29,12,29,0,1,1,1
4927.92,20,18,0,1,0,0
3054.96,4,36,1,0,0,0
13196.3,0,32,1,1,0,1
5933.3,21,23,0,1,0,0
5800.14,6,37,0,0,1,1
3093.88,10,4,0,1,1,1
10065.07,23,0,0,1,0,1
10132.26,15,8,1,0,1,1
14202.64,17,31,0,0,1,1
5783.48,8,17,1,0,1,1
1279.69,11,20,1,1,0,0
7316.2,7,16,1,1,1,1
14858.12,23,26,1,0,0,1
7035.66,4,34,0,0,1,1
2661.44,12,35,0,0,0,0
7074.11,15,33,1,0,0,0
396.65,23,19,1,0,0,0
7575.16,0,4,0,1,0,1
14528.11,1,17,1,0,0,1
10587.01,3,20,0,0,1,1
9677.44,12,23,0,1,0,0
3825.98,13,36,0,0,0,0
5033.5,1,6,1,0,1,1
11796.96,9,10,0,1,0,1
7812.9,2,2,0,1,1,1
7869.67,19,2,1,0,1,1
8091.32,14,7,0,0,0,0
10923.62,13,21,0,1,0,0
7857.73,4,29,0,0,1,1
4004.09,2,7,0,0,0,0
6942.98,4,25,1,1,1,1
13141.57,7,10,1,0,0,1
3438.76,10,10,0,1,0,0
840.63,10,33,0,0,1,0
14167.5,19,35,0,0,0,0
6125.3,19,32,0,1,1,1
10565.36,11,35,1,0,0,1
9699.96,6,28,0,1,0,0
14260.82,19,4,0,0,0,0
10994.38,5,31,0,1,0,0
4440.35,21,37,1,0,1,1
14223.59,18,10,1,1,0,1
7254.6,16,31,1,1,1,1
3124.65,3,16,0,0,1,0
7288.32,0,8,1,0,0,0
11840.71,3,33,0,0,1,1
13003.8,15,32,1,0,0,0
8065.09,12,14,0,0,0,0
2370.48,8,10,1,1,1,1
4636.74,18,40,1,0,1,1
4585.51,9,28,1,1,1,1
1203.74,4,27,1,0,1,1
10649.93,23,13,0,1,1,1
13407.23,11,35,0,1,0,0
14253.45,13,32,1,0,1,1
2324.03,12,28,1,1,0,1
12022.25,19,10,0,0,1,1
6954.32,22,16,0,1,0,0
4050.87,5,4,0,0,1,0
7492.74,7,20,1,0,1,1
12746.16,4,16,0,1,0,1
2245.02,14,25,1,1,1,1
345.99,21,27,0,1,1,1
14253.04,2,39,0,1,1,1
10687.91,10,36,0,1,0,0
9215.99,6,25,1,0,0,0
10733.36,2,10,1,0,0,1
7196.95,12,23,1,0,0,0
13484.93,2,2,1,1,0,1
14098.32,7,21,0,0,0,0
11425.9,13,20,0,1,0,0
12904.13,9,26,0,1,1,1
8931.76,21,2,0,1,1,1
2502.57,7,39,0,1,0,0
9924.15,17,37,0,0,0,0
13938.83,14,18,1,1,0,1
8067.46,7,29,0,1,1,1
1801.35,18,3,1,1,0,0
8148.78,17,9,1,0,1,1
10709.74,5,40,0,1,0,0
13292.32,5,23,1,0,0,0
7949.0,6,9,1,1,1,1
6877.85,18,13,0,0,0,0
14215.94,15,11,1,1,1,1
1701.01,6,36,1,0,1,1
7892.44,16,37,1,0,0,0
11817.08,14,3,0,0,1,1
7907.82,11,30,1,0,0,0
10212.64,14,0,0,1,1,1
9245.23,4,32,1,0,1,1
5884.99,3,5,1,1,1,1
360.74,22,14,1,0,1,1
8345.38,7,21,1,0,1,1
14396.49,11,8,0,0,1,1
1223.54,18,7,0,0,0,0
10315.88,12,16,0,1,1,1
2883.63,11,35,1,1,1,1
6141.76,21,19,0,0,1,1
3880.57,23,39,0,1,1,1
11977.75,17,18,0,1,0,0
10100.25,7,25,0,0,0,0
6857.14,3,11,1,0,0,1
11456.31,19,5,1,1,1,1
9790.77,22,40,1,0,0,0
9891.72,17,23,0,0,0,0
13480.14,9,27,1,0,1,1
6530.8,6,11,0,0,0,0
14626.93,13,21,1,0,0,0
7581.8,0,30,0,0,1,1
14139.08,19,25,1,0,1,1
3107.18,4,7,0,1,0,0
8796.6,5,39,1,0,0,0
833.23,18,9,0,1,0,0
12735.6,12,4,1,1,1,1
5812.48,22,14,1,1,1,1
1985.9,9,2,1,0,1,1
180.84,16,5,1,0,1,1
2052.97,6,40,0,0,1,0
5911.19,21,28,0,0,0,0
8772.27,8,4,0,1,0,1
5652.9,22,8,0,1,1,1
12185.12,18,35,1,0,0,0
9679.24,8,26,1,1,0,1
4869.77,8,39,1,0,1,1
2661.3,12,40,0,0,0,0
12991.89,7,35,1,0,1,1
475.3,12,3,0,0,0,0
9132.97,15,6,1,0,0,0
3412.63,3,10,0,0,0,0
13649.78,2,3,0,1,1,1
13413.31,10,15,0,1,0,0
3360.3,5,19,0,0,0,0
11619.81,4,12,0,1,0,1
2769.18,20,12,1,1,0,0
13460.38,11,16,1,1,0,1
4012.87,23,22,0,0,0,0
9806.91,12,29,1,0,0,0
9223.76,21,7,1,1,1,1
6416.15,0,30,0,1,1,1
1156.42,0,9,1,0,0,0
3222.69,20,35,1,0,0,0
6733.97,23,24,0,0,0,0
2333.68,17,3,1,0,1,1
12027.41,23,40,1,0,1,1
9304.44,19,23,0,0,0,0
1654.0,2,4,0,0,0,0
12109.99,6,36,1,0,0,0
3640.68,21,17,1,1,1,1
14331.67,11,9,1,1,0,1
6465.15,0,38,1,0,1,1
12524.07,11,32,0,1,0,1
14571.17,1,30,0,1,0,1
3849.41,13,4,0,0,1,0
1098.09,16,2,0,1,0,0
13886.78,20,38,0,0,0,0
4652.51,7,32,0,1,1,1
4064.83,0,34,0,1,0,0
7857.32,0,27,1,0,0,1
9803.8,3,29,0,1,0,1
13833.49,4,35,0,1,0,1
2920.9,3,7,1,1,1,1
13737.63,14,20,1,1,0,1
4766.35,21,9,0,0,0,0
4262.35,8,35,0,0,1,0
4256.63,9,17,1,0,0,0
4678.61,5,29,0,1,1,1
13399.27,1,32,0,1,1,1
12296.28,23,34,1,0,1,1
7760.93,14,39,1,0,1,1
2358.39,15,13,1,1,1,1
4543.98,10,7,0,1,1,1
8040.11,10,7,0,0,1,1
7039.14,13,28,1,1,0,1
4778.44,20,6,1,0,0,0
12573.74,4,38,0,1,0,1
3423.38,1,22,1,0,0,0
9610.27,11,19,0,0,1,1
5203.91,7,18,1,0,0,0
14109.63,11,22,1,0,1,1
1481.46,10,13,1,0,1,1
5706.97,23,35,0,0,0,0
9956.68,22,1,0,1,1,1
13036.25,22,1,0,0,1,1
516.74,9,6,1,0,1,1
1891.93,22,12,0,0,1,0
9950.71,6,24,0,0,0,0
11257.56,21,26,0,0,1,1
11752.74,2,16,1,0,0,1
1170.64,2,21,1,0,0,0
14750.93,17,9,1,1,1,1
11873.75,22,19,1,0,1,1
2690.39,3,25,0,1,1,1
9181.82,8,3,0,1,1,1
6534.7,18,32,0,1,0,0
3395.16,14,40,1,0,0,0
11906.08,5,24,1,0,1,1
9639.98,15,27,1,1,0,1
691.92,16,6,0,1,1,1
4882.53,11,17,1,0,1,1
9477.96,4,30,1,1,1,1
11497.35,21,9,1,0,0,0
2592.33,20,31,1,0,0,0
180.04,13,22,1,0,1,1
7794.01,6,16,0,0,0,0
6132.17,2,15,0,1,0,0
6818.48,18,0,0,0,0,0
9281.04,4,17,1,1,1,1
11456.07,6,35,1,0,0,0
9765.67,13,12,0,1,1,1
1858.92,11,30,1,0,0,0
4433.45,9,39,1,1,1,1
6329.08,23,12,0,0,1,0
13122.9,12,22,1,0,1,1
10120.21,6,28,1,1,0,1
7447.36,10,5,0,1,0,0
140.03,9,6,0,1,1,1
3536.23,4,9,0,0,0,0
2881.06,23,29,1,1,0,0
6909.85,15,39,1,0,1,1
11974.02,13,18,0,0,0,0
3886.35,9,16,0,1,0,0
5243.55,10,1,0,1,1,1
11562.41,22,0,0,0,0,0
6226.75,22,17,0,0,1,0
14152.37,3,21,0,0,0,0
13696.73,8,32,1,1,0,1
10157.06,10,31,1,0,0,1
6738.34,21,34,1,0,1,1
5849.34,7,2,0,1,1,1
1423.87,0,6,0,0,1,0
5169.75,5,3,1,0,0,0
310.35,18,4,1,1,1,1
11613.14,22,13,1,0,1,1
10066.65,15,25,1,1,0,1
11177.37,11,0,0,0,1,1
6584.13,5,6,1,1,0,1
157.52,22,31,1,0,1,1
6387.84,12,2,0,0,1,0
9912.78,13,38,0,1,0,0
10541.81,22,31,0,0,0,0
10938.24,20,20,1,1,0,1
9955.78,7,34,1,0,0,1
1943.21,21,28,0,1,0,0
1243.09,2,3,1,1,1,1
4417.71,6,4,0,0,0,0
13128.08,4,10,1,0,1,1
11002.15,11,37,1,1,0,1
1518.72,19,38,0,0,0,0
10073.69,16,30,0,1,1,1
9608.98,12,37,1,1,1,1
4168.37,3,13,0,1,1,1
13725.08,14,18,1,0,0,0
3052.28,8,40,0,0,1,0
13829.45,13,22,1,1,0,1
8661.78,8,5,0,1,0,0
4861.45,17,11,0,0,0,0
14972.17,14,3,1,0,0,1
2594.65,16,27,1,1,0,0
6572.99,0,1,1,0,0,1
6416.25,14,36,0,0,0,0
11684.28,2,22,0,1,0,1
3467.18,15,23,1,1,0,0
1768.42,9,13,1,0,1,1
12889.04,21,27,0,0,0,0
6767.54,15,13,0,0,1,0
1929.96,13,13,0,1,1,1
3366.43,3,14,0,0,0,0
4476.16,15,5,1,1,0,1
7670.18,0,15,0,0,0,0
1724.67,19,28,1,0,1,1
1800.91,19,7,1,1,0,0
10919.19,15,38,0,0,0,0
6520.39,4,23,1,0,1,1
2239.27,7,34,0,1,0,0
729.13,7,40,0,0,1,0
11880.34,8,2,0,0,1,1
4755.59,23,36,0,0,0,0
676.35,20,9,1,1,1,1
12649.6,17,27,1,1,1,1
4878.4,14,39,0,0,1,0
11991.91,0,23,1,1,1,1
10194.81,14,4,1,1,1,1
6559.87,16,31,0,0,0,0
10436.55,12,32,0,1,0,1
3207.66,4,25,0,1,1,1
3751.38,23,1,0,0,0,0
9129.49,12,37,1,0,1,1
9429.33,5,7,0,0,0,0
4863.53,17,40,1,0,1,1
6101.66,4,40,1,1,1,1
12590.54,4,20,1,1,0,1
4771.72,3,4,1,1,0,1
9595.64,22,36,0,1,0,0
7017.51,2,25,0,1,0,1
5828.2,11,24,0,1,0,0
9786.72,14,13,0,0,1,1
1559.32,1,12,1,0,1,1
6847.86,18,1,1,0,1,1
8676.17,2,28,1,1,1,1
2799.49,14,15,0,0,1,0
11022.11,17,15,1,0,1,1
1019.91,18,29,1,1,1,1
14151.59,2,23,0,0,0,0
8068.77,17,33,1,0,0,1
6492.87,2,17,0,1,0,0
7475.41,0,4,1,0,0,0
9888.56,16,12,0,0,1,1
4920.16,21,20,1,0,1,1
3062.02,14,33,0,1,0,0
10990.87,7,3,0,1,0,1
13800.59,8,7,1,1,1,1
4715.55,18,35,1,0,0,0
13362.58,12,34,0,1,0,0
13203.86,16,4,1,0,1,1
5479.61,7,28,0,1,1,1
2704.29,5,2,1,1,0,1
11984.18,23,19,0,0,1,1
7645.22,13,32,1,0,1,1
5947.63,2,1,1,0,0,0
13552.53,5,22,0,0,1,1
9257.47,3,14,1,1,1,1
14628.62,21,12,0,0,0,0
3844.33,18,24,0,1,1,1
4416.22,10,20,0,1,1,1
321.36,6,18,0,1,0,0
13327.81,5,18,0,1,0,0
12048.22,14,5,0,0,1,1
4725.83,6,0,0,1,0,0
1110.07,22,35,0,1,1,1
2314.7,11,14,1,1,1,1
5176.15,2,13,1,1,0,1
8443.59,5,19,1,1,0,1
786.64,16,40,1,0,0,0
1846.63,1,39,0,0,1,0
10733.65,21,24,1,1,0,1
1170.41,15,23,1,0,1,1
9325.61,16,10,0,1,1,1
7465.64,2,26,0,0,0,0
191.27,4,10,1,0,0,0
5801.53,10,9,0,0,1,0
8944.3,3,11,1,0,0,1
10125.19,5,32,1,0,1,1
8469.33,7,20,0,1,0,0
7916.07,0,38,0,0,0,0
2015.34,3,0,1,1,1,1
13642.21,9,19,1,1,0,1
13242.67,1,29,0,0,0,0
11181.3,22,7,1,1,0,1
14191.2,4,15,1,0,1,1
12167.85,1,29,0,0,1,1
13777.12,11,40,1,0,0,0
1302.7,11,14,0,0,1,0
12714.49,21,0,1,0,0,1
11077.07,23,26,0,0,0,0
14902.3,8,11,0,0,1,1
4233.98,5,28,1,0,0,0
4329.52,1,21,1,1,1,1
277.77,7,5,0,0,1,0
12001.7,0,7,1,0,0,1
11943.65,23,35,1,0,1,1
12984.32,13,11,0,1,1,1
2246.4,22,33,1,0,0,0
12035.22,3,37,1,1,1,1
4883.92,0,23,1,1,0,1
13669.06,12,39,1,0,1,1
4671.2,9,16,1,1,0,1
1521.57,8,2,1,1,0,0
14424.96,18,34,1,1,1,1
13728.33,16,12,0,1,1,1
12335.13,5,4,1,0,1,1
12098.74,8,33,1,1,1,1
3971.08,4,19,1,0,1,1
1155.26,7,4,0,0,0,0
773.94,4,9,0,1,1,1
11526.79,14,24,0,0,1,1
10522.58,13,15,1,1,0,1
14730.26,5,20,1,1,1,1
3940.31,8,24,0,0,0,0
9359.36,14,37,1,1,1,1
3740.14,2,30,0,1,0,0
5859.75,0,35,1,1,0,1
388.62,7,25,1,0,1,1
5223.98,23,32,0,0,0,0
5973.11,1,14,0,1,0,0
9087.9,11,6,0,0,0,0
3749.75,11,17,0,0,1,0
7616.5,15,38,1,1,0,1
929.15,1,24,1,1,0,1
14957.17,1,34,1,1,1,1
12130.68,0,8,1,0,1,1
13052.46,9,40,1,1,1,1
10721.28,3,13,0,1,0,1
64.36,1,12,0,1,0,0
8978.88,21,7,1,1,1,1
2580.85,14,1,0,0,0,0
8387.37,9,11,0,0,1,1
11341.95,19,23,1,0,1,1
10749.37,17,1,0,0,1,1
4770.36,20,10,0,0,1,0
13449.41,15,18,1,1,1,1
5508.93,4,4,1,1,1,1
10818.79,2,39,1,1,0,1
1790.04,1,16,0,1,1,1
2330.37,9,15,1,0,1,1
2640.49,0,39,1,1,1,1
12887.22,16,34,1,1,1,1
11302.74,13,5,0,1,0,0
7370.93,20,17,1,0,0,0
4961.57,21,38,1,0,1,1
3255.74,23,31,0,1,1,1
5388.84,17,39,0,1,1,1
9028.96,7,35,1,0,1,1
7841.96,18,36,1,0,0,0
3990.43,20,32,0,1,1,1
650.89,1,3,1,1,1,1
11918.39,21,0,0,1,0,1
5341.21,9,20,0,0,0,0
10394.27,18,33,0,0,0,0
5760.12,0,14,1,0,0,1
8685.47,0,13,0,0,0,0
10208.77,10,32,1,0,1,1
8993.1,23,2,1,0,0,1
10344.58,3,0,0,0,1,1
9123.02,6,36,0,1,1,1
5899.43,15,35,1,0,1,1
225.35,7,36,1,1,0,0
6257.6,13,35,1,0,0,0
10080.66,13,30,1,0,1,1
4250.38,19,24,0,0,1,0
8739.7,22,32,1,1,1,1
4446.62,19,34,0,1,0,0
5378.48,13,11,0,0,0,0
13036.89,16,37,0,0,0,0
8503.97,21,7,1,1,1,1
3177.65,5,31,1,0,1,1
1299.68,22,7,0,1,0,0
10433.86,5,32,1,1,1,1
8346.08,9,6,0,0,0,0
11866.59,17,29,0,0,1,1
10972.0,14,8,1,0,0,1
12026.27,13,4,1,1,0,1
12856.38,9,9,1,0,1,1
8405.31,17,38,0,0,0,0
8823.83,0,17,0,0,0,0
7628.59,19,15,0,1,1,1
9930.47,23,11,1,1,1,1
12013.78,5,39,1,1,1,1
10063.89,16,9,1,0,1,1
4402.68,13,13,1,0,1,1
2400.48,23,11,0,0,0,0
5121.66,3,15,0,0,1,1
3443.72,12,28,0,1,1,1
2152.76,21,8,1,1,1,1
7300.46,16,25,0,1,1,1
8823.85,10,29,1,0,1,1
14227.93,13,33,0,1,1,1
12428.67,5,12,1,0,0,0
9520.91,8,3,0,1,1,1
78.53,22,14,1,0,1,1
5399.88,1,18,1,1,0,1
5934.92,22,19,1,0,1,1
9293.5,2,36,1,1,1,1
12027.37,12,28,0,0,1,1
12774.71,2,32,1,0,0,1
12483.83,5,36,0,0,1,1
5897.72,16,37,1,0,1,1
14432.69,14,11,0,0,0,0
7318.32,11,11,1,1,0,1
7220.2,19,32,1,0,1,1
14109.68,21,17,1,0,1,1
8263.87,22,1,0,0,0,0
10918.73,19,12,1,0,1,1
14199.93,6,19,1,1,1,1
14555.37,13,0,1,1,1,1
5136.24,8,40,1,0,0,0
6014.84,3,27,1,0,1,1
5034.1,3,13,0,1,0,0
4752.5,21,32,1,1,1,1
2123.54,23,19,1,0,0,0
12488.34,12,1,1,1,1,1
8369.11,5,28,1,0,0,1
14881.51,19,1,0,1,1,1
3948.29,19,22,1,0,1,1
9624.13,6,16,0,0,1,1
14096.34,0,25,0,0,0,0
10694.97,14,18,0,0,0,0
7988.07,23,33,1,0,0,0
3398.4,19,12,0,1,1,1
9316.09,7,18,0,1,0,0
14687.11,18,26,1,0,1,1
456.65,15,28,0,0,0,0
14329.87,5,27,0,1,0,0
1895.74,8,15,1,0,1,1
10100.03,14,18,0,1,0,1
7338.45,15,4,0,1,1,1
877.46,9,19,1,0,0,0
12993.37,21,12,0,1,1,1
5384.72,2,24,1,0,0,0
4344.9,16,0,1,1,1,1
6465.37,3,12,0,1,1,1
3567.44,2,19,1,1,0,1
14058.77,6,36,0,0,1,1
4360.77,13,3,0,0,0,0
7487.06,4,4,1,0,1,1
9361.07,7,9,1,0,1,1
6879.4,10,8,1,1,0,1
5136.67,5,34,1,1,1,1
7964.64,9,31,0,0,0,0
3029.79,3,15,0,0,1,0
1659.53,11,39,1,1,0,0
2424.3,20,25,1,1,1,1
4959.68,9,36,1,0,0,0
14718.02,8,11,0,0,0,0
13198.23,9,20,1,1,0,1
2855.44,23,30,0,1,1,1
478.51,13,33,0,1,1,1
970.73,21,13,1,1,1,1
14812.14,17,38,0,0,0,0
7146.81,9,27,0,1,1,1
6231.85,8,25,1,1,1,1
5111.35,14,16,1,0,0,0
6397.89,18,27,1,0,1,1
12994.86,4,32,1,0,1,1
4254.13,2,7,1,1,0,1
1322.73,21,3,0,1,0,0
3900.84,22,36,1,0,1,1
14134.81,15,5,1,0,0,1
5936.26,23,23,0,0,0,0
7048.96,5,38,1,0,1,1
12726.58,1,10,0,0,1,1
8498.48,6,36,0,1,1,1
3050.03,8,15,1,1,1,1
289.31,1,29,0,1,1,1
12228.95,1,30,0,0,0,0
6704.56,20,6,0,1,0,0
8717.9,2,30,0,1,1,1
8648.73,0,36,1,1,1,1
9320.47,6,7,1,1,1,1
5123.82,5,36,0,1,0,0
3212.24,0,40,0,1,0,0
6311.89,6,24,0,0,0,0
125.16,21,2,0,0,1,0
10221.36,14,32,0,1,1,1
4928.82,12,29,0,1,0,0
13945.25,14,29,1,1,1,1
3983.32,9,15,0,1,1,1
8891.25,6,11,0,1,0,0
12788.56,6,2,0,1,1,1
909.03,4,24,1,0,0,0
671.83,6,0,0,1,1,1
3366.39,17,0,0,1,0,0
1625.43,20,1,1,1,1,1
8832.07,10,5,0,1,0,1
10862.1,10,0,0,1,0,1
2454.64,17,24,0,0,0,0
5844.94,11,26,0,1,0,0
13515.21,5,8,1,1,1,1
13241.5,16,34,1,1,1,1
7238.52,5,16,0,1,0,0
2435.38,6,35,0,1,0,0
7984.69,19,10,0,1,0,0
13660.92,13,24,0,1,1,1
7725.05,2,29,1,0,0,0
5967.14,11,2,0,1,0,0
2710.26,4,19,1,1,0,1
10298.95,14,38,0,1,1,1
3498.22,16,20,0,0,0,0
14755.25,12,14,0,0,0,0
11869.19,18,31,1,0,1,1
8097.01,4,26,0,1,1,1
12168.9,11,10,1,0,1,1
1059.78,22,10,0,1,0,0
6603.53,22,10,1,0,0,0
11162.64,13,11,1,0,1,1
6907.94,5,8,1,1,1,1
6472.59,2,6,0,1,1,1
6876.36,22,11,1,1,0,1
4114.87,12,32,1,1,1,1
2197.18,1,17,0,0,1,0
11655.08,21,0,0,0,0,0
7599.69,3,6,1,1,1,1
7510.15,22,14,1,0,0,0
8605.96,17,2,1,0,0,0
976.6,7,23,0,0,0,0
14466.25,21,8,1,0,0,0
5533.07,21,16,1,0,0,0
5643.39,7,28,1,1,0,1
6075.99,13,21,0,1,0,0
768.26,4,14,1,1,0,1
9680.06,10,17,1,0,0,1
1218.55,9,23,1,1,0,0
6526.19,12,5,1,1,0,1
14136.41,12,17,1,0,1,1
3897.83,15,25,1,1,0,0
5289.16,22,26,1,1,0,1
13901.08,19,15,1,0,0,1
14249.74,15,26,1,0,1,1
10865.58,5,34,0,0,0,0
10140.69,15,33,1,0,0,0
5970.1,9,33,1,0,0,0
8259.3,4,19,0,1,0,1
14457.81,0,12,0,1,1,1
1098.68,16,12,0,1,1,1
2720.03,11,24,1,0,0,0
4005.87,22,19,1,0,1,1
11882.86,8,2,0,1,0,0
9178.47,5,18,0,1,0,0
13518.38,6,38,0,0,1,1
10557.45,7,28,1,1,0,1
3991.18,10,2,0,0,1,0
5601.74,14,31,0,0,1,1
9438.46,6,10,0,1,1,1
5085.95,21,32,1,1,1,1
11169.41,16,3,1,1,1,1
3467.04,10,15,1,1,0,1
4365.32,21,24,1,0,1,1
2509.6,5,27,0,1,1,1
7044.01,14,17,1,1,0,1
6265.07,10,19,0,0,0,0
4941.99,23,5,1,0,0,0
6775.89,21,25,1,0,0,0
11584.7,8,19,1,1,1,1
620.0,21,33,1,1,1,1
8314.74,17,40,1,0,1,1
11374.18,5,11,0,1,1,1
5330.01,18,23,1,0,0,0
8073.45,2,6,0,0,1,1
12053.59,11,31,0,0,0,0
13313.98,2,17,0,0,0,0
6829.11,6,11,1,1,1,1
3741.99,20,28,0,0,1,0
8519.8,13,23,1,0,0,0
2046.03,7,34,0,1,1,1
8331.91,18,37,0,1,1,1
6838.48,3,4,0,1,0,0
2401.07,8,33,1,1,1,1
13460.39,21,3,1,0,0,0
14664.63,0,22,0,0,0,0
4328.68,16,11,1,0,0,0
11760.93,0,37,1,1,1,1
7628.33,11,15,0,0,1,0
1882.12,20,27,1,0,0,0
12392.05,8,9,0,1,1,1
859.44,19,23,0,0,0,0
12100.82,18,15,1,0,1,1
13320.16,0,5,1,0,0,1
13045.71,12,12,0,0,0,0
3287.11,2,15,1,0,0,0
8314.03,16,20,1,0,0,0
827.9,20,20,0,1,1,1
70.16,17,39,0,1,0,0
2669.75,11,3,0,0,0,0
2021.45,11,11,0,1,1,1
2281.29,13,22,0,1,1,1
13694.13,2,10,0,1,1,1
12551.57,22,26,1,1,1,1
12152.63,0,15,1,0,1,1
5897.69,5,13,0,1,0,0
8024.83,8,25,0,1,1,1
1665.94,12,28,1,1,0,0
6157.04,18,34,1,0,1,1
11116.32,0,19,0,1,0,1
14717.42,9,24,0,0,1,1
14365.24,9,30,0,0,0,0
14971.11,18,2,0,0,0,0
5656.08,1,38,0,0,0,0
9277.63,18,34,0,1,0,0
9150.6,5,12,1,0,1,1
514.05,11,8,0,0,1,0
12631.17,11,24,1,1,1,1
1290.29,1,21,0,0,1,0
10487.44,12,2,1,1,0,1
640.84,9,11,1,0,1,1
1007.11,5,18,1,0,0,0
11679.49,9,27,0,1,1,1
7102.03,20,11,1,0,0,0
12596.39,16,21,0,1,1,1
6346.75,2,7,0,0,0,0
12392.11,13,33,0,0,1,1
11954.13,20,8,0,1,0,0
10753.86,15,36,1,0,0,1
114.17,9,33,1,0,0,0
11793.07,13,9,1,1,0,1
4779.18,14,29,1,1,1,1
5358.58,16,7,1,0,1,1
9409.97,2,20,0,0,0,0
4005.79,8,14,0,1,0,0
2497.08,15,31,1,0,1,1
11086.34,23,2,1,0,0,0
3216.43,13,10,1,0,1,1
13407.55,18,32,1,0,0,0
13349.46,12,1,0,0,1,1
14990.13,10,27,0,1,1,1
4257.01,17,34,0,0,1,0
9490.05,1,26,0,0,1,1
4192.55,8,28,1,0,1,1
8367.0,19,3,1,0,1,1
5906.22,23,34,1,1,0,1
9485.97,7,40,1,1,1,1
9601.93,19,19,0,1,1,1
6141.36,5,33,0,0,1,1
4767.02,13,35,1,1,0,0
960.31,12,4,0,0,0,0
311.1,17,26,0,1,1,1
13769.52,21,31,0,1,1,1
7423.16,1,8,1,1,1,1
10744.0,9,18,0,0,1,1
8742.39,9,26,0,0,0,0
14004.69,10,23,0,1,0,0
3921.02,9,8,0,1,1,1
4907.8,10,18,0,1,0,0
10693.48,10,22,1,1,0,1
14898.55,18,2,0,1,0,0
11301.15,19,9,0,0,0,0
3367.03,4,33,1,0,0,0
1158.25,16,16,0,1,1,1
8088.23,7,9,1,1,1,1
7500.3,5,17,1,1,1,1
3710.21,22,1,0,1,1,1
14491.27,21,19,0,0,1,1
6457.13,5,24,1,1,0,1
6270.94,17,38,0,1,1,1
6571.97,18,31,1,1,1,1
14209.56,11,15,1,0,0,0
6066.31,5,30,1,0,1,1
8764.23,17,34,0,1,0,0
1220.05,13,19,1,0,0,0
4502.12,5,10,1,0,1,1
11245.21,14,12,1,1,1,1
3314.73,12,32,1,0,1,1
2895.66,22,1,1,0,1,1
5531.73,2,38,0,1,1,1
5118.31,17,17,1,1,1,1
2897.81,6,14,0,0,1,0
5341.26,3,1,1,0,0,0
2610.07,13,33,1,0,1,1
12528.65,5,1,0,0,1,1
14857.88,6,37,0,0,0,0
5273.46,15,10,0,1,1,1
4926.59,16,26,0,0,0,0
14856.26,4,20,0,1,1,1
8780.21,3,37,0,1,1,1
4726.0,21,24,1,0,1,1
7866.74,1,23,0,1,0,0
947.38,19,14,1,0,1,1
1856.79,16,26,1,0,1,1
14104.79,23,26,0,1,0,0
3937.88,4,38,1,0,0,0
4378.92,19,37,1,1,1,1
10350.65,23,1,0,0,1,1
9836.73,21,29,0,0,1,1
12488.62,0,36,1,1,0,1
13712.68,0,18,0,0,0,0
6677.32,23,9,1,0,1,1
1578.66,12,32,1,0,0,0
7691.05,3,40,0,1,1,1
7135.42,14,10,0,0,1,0
6829.66,16,3,1,0,1,1
13878.54,8,38,0,1,0,0
3499.11,19,9,1,1,0,0
14459.72,15,6,0,0,0,0
4098.54,20,35,1,1,1,1
763.3,23,4,0,1,0,0
7239.01,5,30,0,0,0,0
12455.27,23,7,0,1,1,1
6493.9,4,40,0,1,0,1
9525.47,7,33,0,0,0,0
13068.3,23,3,0,0,1,1
4504.9,7,23,1,0,0,0
12867.68,20,13,1,1,0,1
14961.86,18,6,1,0,0,0
12890.76,12,4,1,1,1,1
13181.71,5,18,1,1,0,1
1933.86,16,37,0,0,0,0
13255.43,5,6,0,1,0,0
7183.16,9,17,1,0,1,1
8068.1,9,30,0,1,0,0
6957.41,1,4,1,0,0,0
2455.84,11,27,1,0,1,1
14260.42,8,31,0,0,1,1
2330.85,0,25,1,0,1,1
11299.2,1,12,1,1,0,1
11826.33,13,18,1,0,1,1
198.83,12,14,0,0,1,0
12757.83,2,32,0,1,0,1
13231.43,18,12,1,0,0,1
5181.21,15,6,1,0,0,0
2357.45,15,3,0,1,1,1
7851.15,4,37,0,1,1,1
12515.05,8,3,0,1,1,1
11442.3,15,37,1,0,1,1
549.95,6,39,1,1,0,0
444.27,19,28,0,0,0,0
184.54,4,16,0,1,1,1
10660.51,5,38,1,0,0,0
11956.16,15,16,0,0,0,0
10030.26,7,27,0,1,1,1
13374.48,2,1,1,0,1,1
8094.87,3,12,0,1,1,1
9054.93,22,17,0,0,1,1
8597.19,11,16,1,1,1,1
2695.11,10,35,1,1,1,1
2555.02,13,9,1,1,1,1
8923.43,20,18,0,1,1,1
9560.09,6,9,0,1,1,1
5883.27,23,9,1,1,1,1
1974.12,10,2,0,1,1,1
13351.46,8,9,1,0,1,1
11272.8,22,31,1,1,0,1
88.34,1,25,0,0,0,0
11838.25,8,20,1,0,1,1
14776.71,2,5,0,1,0,1
10232.6,9,36,1,0,1,1
2670.8,23,14,1,1,0,0
1282.11,0,23,1,1,1,1
9898.75,9,35,0,0,0,0
8298.05,6,29,1,1,0,1
5305.37,12,18,0,0,0,0
12741.61,6,12,1,1,1,1
6309.02,2,29,0,0,0,0
8176.61,23,40,0,1,0,0
4017.02,23,2,0,1,0,0
1159.29,1,12,1,1,1,1
1807.93,17,39,0,0,1,0
14203.39,10,17,0,0,1,1
13608.46,14,30,0,1,1,1
3359.02,12,12,1,1,1,1
12418.79,5,30,0,0,0,0
920.83,3,4,0,1,0,0
928.32,16,31,1,0,0,0
2994.4,15,30,1,1,0,0
11673.93,16,31,0,1,0,0
5461.4,4,31,0,1,1,1
14321.75,20,25,1,0,1,1
3109.65,10,3,1,0,0,0
13964.17,6,25,1,1,0,1
3305.1,6,5,1,1,0,0
12287.21,11,7,1,1,0,1
3198.73,14,18,0,0,1,0
2994.46,19,40,1,0,1,1
3675.24,14,3,0,1,1,1
7784.61,1,19,1,0,1,1
4072.72,8,6,1,0,1,1
6628.7,13,0,1,0,1,1
4883.37,0,29,1,0,1,1
14227.52,13,1,1,0,0,1
8163.78,5,23,0,0,1,1
9861.36,23,2,0,1,0,0
1283.36,19,6,1,0,0,0
7595.75,20,28,1,1,0,1
10735.41,0,22,1,1,1,1
10862.59,11,35,0,1,1,1
9937.75,18,1,0,0,0,0
13544.84,3,16,1,0,0,1
3281.29,16,36,0,1,0,0
3754.2,12,33,0,0,0,0
7985.0,18,2,1,1,1,1
13457.07,14,21,0,1,0,1
190.9,14,29,1,1,1,1
3682.18,14,2,1,1,0,0
7289.16,20,40,0,0,0,0
5714.99,16,28,0,0,0,0
13251.71,12,0,0,0,0,0
12078.32,0,13,1,1,0,1
7495.89,18,29,1,1,0,1
9229.56,5,29,1,0,0,0
3536.43,20,32,0,0,1,0
7662.92,12,40,0,0,0,0
1225.92,12,31,1,1,1,1
13088.71,0,14,0,0,0,0
2714.7,5,35,0,0,0,0
8992.13,11,17,1,0,0,0
7676.92,21,19,1,0,0,0
3687.81,12,15,0,0,0,0
11395.69,15,2,1,0,0,1
4917.7,3,4,1,1,1,1
1704.4,2,2,1,0,1,1
12577.18,15,24,1,0,1,1
13385.04,5,38,0,1,1,1
1194.56,15,2,1,1,1,1
13040.44,14,21,1,1,1,1
8117.16,0,25,0,0,1,1
7591.38,15,25,0,1,1,1
326.83,2,21,0,0,0,0
7371.69,1,16,1,0,1,1
14699.44,19,18,0,0,1,1
8786.91,12,29,0,1,1,1
5797.77,17,12,0,1,0,0
10961.05,4,30,1,1,0,1
7752.53,5,39,1,1,1,1
334.33,19,33,0,0,0,0
1811.69,2,35,1,1,1,1
13867.92,21,39,0,0,1,1
10327.65,19,38,0,1,1,1
10039.97,8,7,1,0,0,1
7732.72,14,33,0,0,0,0
4073.38,4,37,0,0,1,0
10899.25,15,21,0,0,1,1
171.51,0,15,0,0,1,0
12715.17,20,22,1,0,1,1
10250.52,9,24,1,0,1,1
11605.26,0,7,1,0,0,1
2848.22,20,17,1,1,0,0
9339.08,20,28,0,1,0,0
13896.41,23,30,1,1,1,1
4446.66,3,18,1,0,0,0
210.64,23,14,0,0,0,0
6508.77,10,26,0,0,0,0
450.89,2,39,0,0,1,0
14241.23,9,11,1,1,1,1
7732.75,3,12,0,0,0,0
14552.7,11,16,1,0,1,1
11714.38,17,16,1,1,1,1
3305.18,20,38,0,1,0,0
14062.27,13,36,0,0,0,0
1221.12,19,5,0,0,1,0
1702.54,8,3,0,1,0,0
13913.72,6,18,1,0,1,1
6118.67,2,1,0,0,0,0
13729.35,4,31,1,0,1,1
4850.61,3,25,0,0,1,1
8291.25,3,13,0,0,0,0
9015.51,5,25,0,0,0,0
9417.04,23,26,1,0,1,1
10676.33,0,17,1,0,0,1
10190.24,7,3,0,1,1,1
6851.05,17,7,1,0,1,1
5304.22,11,32,1,0,0,0
12364.17,23,20,1,0,1,1
12654.09,10,21,1,0,1,1
6124.45,16,35,1,0,0,0
13791.34,20,6,1,1,1,1
14107.89,22,35,0,1,0,0
8209.24,8,35,0,1,1,1
8200.23,4,40,1,1,1,1
212.9,8,4,1,1,1,1
14004.06,1,10,1,1,1,1
14049.17,23,34,1,0,0,0
3859.94,18,33,0,0,0,0
12469.24,11,28,1,0,0,0
9675.83,14,12,0,1,0,0
9501.93,7,1,1,0,0,0
383.11,5,38,1,1,1,1
13408.24,1,38,1,1,1,1
2795.15,11,39,0,1,0,0
1399.22,22,14,1,1,0,0
9909.11,16,32,1,0,1,1
9794.21,22,33,0,0,0,0
10687.9,2,1,0,0,1,1
7363.37,21,1,1,0,0,0
12512.18,11,18,1,1,0,1
10952.55,16,26,1,0,0,0
13437.54,18,4,1,1,1,1
10054.39,4,23,1,0,0,1
202.45,19,37,1,1,0,0
12631.82,13,12,1,0,1,1
4523.8,0,29,1,0,0,0
347.96,16,40,0,0,0,0
3698.94,11,8,0,0,1,0
2721.99,8,0,1,1,0,1
8249.16,15,25,0,1,0,0
3688.66,12,8,1,0,1,1
8976.65,14,22,1,1,1,1
10648.55,21,10,1,0,1,1
9939.21,9,2,1,0,1,1
12935.4,18,21,1,0,1,1
12598.73,4,1,1,1,0,1
1254.61,23,37,1,1,0,0
9729.89,1,24,0,0,1,1
8803.09,3,21,1,1,0,1
10997.07,18,23,1,0,0,1
4840.41,6,12,0,1,1,1
8688.4,21,26,1,0,1,1
13256.29,12,11,0,0,0,0
12051.13,23,13,0,0,0,0
1352.03,9,0,0,1,1,1
9234.57,1,19,1,0,0,1
10252.68,11,23,1,0,0,1
536.25,21,23,0,0,0,0
8935.59,18,38,0,0,1,1
8054.55,10,9,1,0,0,0
881.31,13,23,0,0,0,0
13363.4,8,22,1,0,1,1
3946.77,10,29,1,0,0,0
12817.03,18,0,1,1,0,1
39.19,4,5,1,1,0,1
11584.33,2,14,1,1,1,1
11086.65,22,31,0,0,0,0
12632.44,8,26,0,0,1,1
226.93,5,1,1,1,1,1
10628.43,13,40,1,0,1,1
6708.09,14,0,0,0,1,1
14714.67,14,18,1,1,0,1
7166.7,8,23,1,0,0,0
6268.22,23,40,1,0,0,0
14650.26,6,40,1,0,1,1
8723.0,17,33,0,0,1,1
1280.32,22,20,1,1,0,0
10051.78,3,10,1,1,1,1
8769.83,13,25,1,0,0,0
5600.07,15,20,1,0,1,1
4260.36,12,19,1,0,0,0
11135.74,17,5,0,1,0,0
14778.81,22,19,0,0,0,0
510.51,16,2,1,0,0,0
11920.36,5,18,0,1,1,1
1325.0,19,2,0,0,1,0
13144.35,21,15,0,0,1,1
6617.64,0,31,0,0,1,1
11137.67,2,36,1,1,0,1
7468.97,2,34,0,1,1,1
9830.34,16,5,1,0,0,0
3708.62,13,25,0,0,0,0
2993.74,4,8,1,0,0,0
3928.89,21,27,1,0,0,0
7243.33,9,16,0,0,1,0
2004.61,17,20,1,1,0,0
9151.16,4,20,0,0,0,0
13350.14,20,40,0,0,1,1
2767.89,21,7,0,1,0,0
11852.44,16,15,1,1,1,1
853.78,17,20,0,1,1,1
11459.79,20,12,1,0,1,1
6869.75,11,12,1,1,1,1
3871.51,10,30,0,0,0,0
5635.79,12,20,0,0,1,0
13787.29,11,21,0,0,1,1
3590.7,4,22,1,0,0,0
1255.28,21,36,1,0,0,0
8282.33,10,13,0,1,0,0
3984.72,12,40,0,0,1,0
2133.69,6,21,1,0,1,1
11966.45,18,13,0,1,0,0
9451.16,10,13,1,0,0,0
9518.92,1,26,0,0,1,1
9399.57,4,40,0,1,1,1
1689.67,7,38,0,0,0,0
9412.16,13,9,1,1,0,1
6671.52,8,9,1,1,0,1
13086.45,0,7,1,1,1,1
3451.08,14,3,1,1,1,1
12702.66,9,26,1,1,0,1
3316.87,0,10,1,0,0,0
12010.03,2,2,1,0,1,1
10568.26,0,28,0,0,0,0
6419.25,1,26,0,1,1,1
12055.79,23,38,1,1,0,1
4869.59,6,26,0,0,1,0
3353.95,7,40,1,1,1,1
7433.12,0,14,1,0,0,0
7097.58,12,28,0,1,1,1
12725.44,5,10,1,0,1,1
3398.09,20,32,1,0,0,0
11941.07,2,29,1,0,0,1
13012.17,12,11,1,0,1,1
13238.72,18,26,1,1,1,1
14342.34,10,9,1,0,1,1
14666.79,23,2,0,1,0,1
1929.94,23,25,1,1,1,1
6307.06,7,33,0,0,1,0
4844.84,5,21,1,1,1,1
1394.82,18,37,1,1,1,1
14312.46,23,30,1,0,1,1
4754.27,6,8,1,0,1,1
4934.61,15,3,1,1,1,1
5485.71,5,31,1,1,0,1
8781.77,8,38,0,0,0,0
12741.93,0,30,0,0,0,0
10064.42,22,16,0,1,0,0
10820.49,20,17,0,0,1,1
4765.73,3,33,1,1,1,1
14090.69,3,36,1,0,0,1
8709.97,7,22,1,0,0,0
2179.04,21,3,0,0,1,0
5793.15,4,26,0,1,0,0
7061.22,20,13,1,1,1,1
1877.83,2,31,1,1,0,1
3635.27,0,22,1,1,1,1
7369.99,0,25,1,1,0,1
9665.11,19,6,0,1,1,1
14574.63,6,33,0,0,1,1
1266.35,17,11,0,1,0,0
11321.16,9,1,1,0,0,0
1906.26,21,40,0,1,0,0
10643.79,11,36,0,1,1,1
12274.85,3,26,1,1,0,1
6594.65,12,39,0,1,0,0
6405.8,17,2,0,0,1,1
4125.97,3,16,0,1,1,1
11392.01,22,27,1,0,0,0
1834.23,16,10,0,1,0,0
14325.71,22,13,0,0,1,1
2337.22,1,17,1,1,0,1
1489.95,5,32,0,0,0,0
11783.12,14,26,0,1,1,1
12938.88,1,0,1,1,0,1
1898.24,12,8,1,1,1,1
10211.12,7,12,1,1,0,1
154.27,22,23,0,0,0,0
9649.32,23,39,0,1,0,1
13161.28,21,36,0,0,1,1
11786.69,19,17,0,0,1,1
4944.87,15,37,1,0,0,0
7388.53,21,38,1,0,1,1
8512.64,7,24,1,0,1,1
1081.01,12,39,0,0,1,0
1586.52,15,10,0,0,0,0
14489.06,1,19,1,1,0,1
224.77,6,40,1,1,1,1
9847.58,5,12,1,1,0,1
1412.4,12,28,0,0,0,0
6225.38,23,17,1,0,0,0
5448.96,19,1,1,0,0,0
11225.23,17,7,0,0,0,0
11154.7,7,12,1,1,0,1
9623.72,2,15,0,0,1,1
7248.43,14,11,0,0,1,0
3071.78,5,23,1,0,0,0
609.16,13,13,1,0,1,1
162.91,13,38,1,1,0,0
4578.55,9,23,0,0,0,0
8878.46,6,24,1,0,1,1
14510.51,22,29,1,0,0,0
5801.73,13,38,0,0,0,0
13908.9,7,13,0,1,0,1
1907.5,14,1,0,1,1,1
11498.55,3,8,1,0,1,1
3675.46,7,40,1,0,0,0
2784.12,19,5,1,0,1,1
6697.27,18,39,1,0,0,0
9591.7,6,33,1,0,0,0
3712.93,20,15,1,0,0,0
6996.21,3,30,1,1,0,1
5255.66,21,35,0,0,1,0
9615.01,1,21,1,0,0,1
11453.08,16,20,1,1,0,1
1049.87,11,5,1,0,0,0
10319.01,20,13,1,0,1,1
13734.41,4,22,0,0,1,1
2617.55,12,1,1,1,1,1
7094.19,11,40,0,1,0,0
6711.7,11,10,1,1,1,1
1954.05,20,24,0,1,0,0
14004.31,18,35,1,0,0,0
7305.6,7,34,0,1,0,0
5621.87,6,34,0,1,1,1
13064.39,5,25,1,0,1,1
9881.12,12,25,1,1,1,1
12025.61,6,38,1,1,1,1
2736.01,7,21,0,0,1,0
3182.41,14,25,0,0,0,0
7440.1,5,0,0,1,0,0
8597.6,17,35,1,0,0,1
723.93,23,7,0,0,0,0
10587.28,23,6,1,1,0,1
1371.45,1,25,1,1,1,1
9560.63,9,7,0,0,1,1
11127.13,15,6,1,1,1,1
13478.1,7,25,0,0,1,1
6096.91,20,32,1,1,0,1
18.96,4,35,1,1,1,1
13745.77,12,38,1,0,1,1
3317.07,9,24,0,0,1,0
14694.61,10,35,1,0,1,1
10412.91,3,22,0,0,0,0
12665.46,19,32,1,1,1,1
8955.61,16,13,0,0,1,1
11060.65,3,2,1,0,1,1
9615.99,11,27,0,0,0,0
14659.6,10,29,1,1,1,1
14698.72,4,28,0,1,1,1
13862.5,5,35,0,1,0,1
12195.49,21,20,1,1,1,1
1637.79,18,6,0,1,0,0
2943.55,6,2,0,0,1,0
5199.33,10,25,0,1,1,1
6557.34,20,10,0,0,1,0
7503.88,9,39,0,0,1,0
2638.36,10,20,1,0,1,1
5674.15,15,16,1,1,1,1
11916.72,17,40,1,0,1,1
1200.48,0,40,0,0,0,0
8476.96,4,6,0,0,1,1
7856.07,0,9,0,0,0,0
14081.54,20,28,0,1,0,1
928.95,15,14,1,0,0,0
7794.93,10,35,1,0,0,0
5345.42,4,19,1,1,0,1
1374.75,4,1,0,1,1,1
9854.78,3,33,1,0,1,1
3313.27,22,6,0,0,0,0
3420.57,10,20,1,0,1,1
13140.84,4,28,0,1,1,1
11269.87,2,3,0,1,1,1
4458.67,11,32,1,1,0,0
10252.16,3,22,1,1,0,1
7967.35,16,9,0,0,1,0
4256.48,18,0,1,1,1,1
12382.61,1,1,1,1,1,1
1367.48,13,10,0,1,1,1
5621.72,21,0,1,1,1,1
9584.21,7,30,0,0,0,0
3428.57,11,33,0,1,1,1
9689.88,23,8,1,0,0,1
9526.59,17,15,1,1,1,1
11425.92,12,29,0,0,0,0
10314.95,9,40,0,1,1,1
3264.37,14,13,1,1,0,0
13843.86,18,26,0,1,0,0
1982.64,22,2,1,0,0,0
9696.72,18,11,0,0,1,1
438.94,23,8,0,0,0,0
8003.97,16,27,0,0,1,1
1392.8,2,26,0,1,0,0
5212.56,12,9,0,0,1,0
9361.47,10,32,1,0,0,0
8440.23,22,15,0,0,0,0
3330.99,18,9,1,0,0,0
4112.04,23,28,1,0,0,0
13364.94,12,26,0,1,1,1
14701.0,14,34,1,0,1,1
1495.54,11,5,0,1,0,0
6974.08,15,5,1,0,0,0
3188.04,1,3,0,0,0,0
9851.0,10,15,0,1,1,1
5009.0,19,6,1,1,1,1
6467.62,0,11,0,1,1,1
2935.22,7,13,1,1,1,1
9833.34,23,32,0,0,1,1
5076.85,12,0,1,1,1,1
6188.74,15,24,0,0,1,0
9210.87,9,26,1,0,0,0
804.47,17,9,1,0,0,0
4987.32,21,21,1,1,1,1
2318.72,17,30,1,1,1,1
8874.62,19,17,0,1,0,0
3412.88,11,25,1,1,0,0
11751.7,18,27,0,0,1,1
4119.86,8,9,0,0,1,0
7378.35,21,26,1,1,0,1
9322.04,6,39,0,0,1,1
13948.36,0,4,1,0,0,1
1431.12,17,40,1,1,1,1
485.29,5,7,1,0,0,0
12649.61,11,26,1,1,1,1
3298.5,11,1,0,1,0,0
11464.22,3,31,0,1,1,1
13218.86,20,31,1,1,0,1
823.44,3,4,1,0,1,1
13044.46,7,28,0,1,1,1
1779.13,6,25,0,1,1,1
3169.99,9,35,0,0,0,0
12030.71,11,6,0,0,0,0
3589.27,18,3,0,0,1,0
11133.16,23,0,1,1,1,1
6995.65,23,8,1,0,1,1
7268.13,7,20,1,0,1,1
6617.71,8,13,0,0,0,0
10984.46,23,19,0,1,0,0
14282.16,9,0,1,0,1,1
5351.58,11,20,0,0,0,0
3078.47,18,40,0,1,0,0
8257.92,8,3,0,0,1,1
4673.73,5,20,0,0,1,0
6624.51,13,8,1,0,1,1
14439.48,17,3,1,0,1,1
13298.56,10,12,0,1,1,1
10529.01,10,10,1,0,1,1
12827.79,3,28,1,0,1,1
10060.97,18,23,1,0,0,0
1307.61,23,7,0,1,1,1
3522.5,15,25,0,0,1,0
3347.06,6,26,1,1,1,1
9846.3,9,8,0,1,1,1
676.72,16,9,1,1,0,0
5499.88,1,29,0,1,1,1
1535.42,2,38,0,1,0,0
12258.97,7,27,1,1,0,1
10218.98,19,26,1,0,1,1
3360.58,2,32,1,0,1,1
12801.29,4,12,0,0,0,0
2566.56,23,4,0,1,1,1
13928.2,23,38,1,0,1,1
7934.83,18,26,0,0,0,0
4266.58,21,40,0,1,1,1
10093.32,3,14,1,0,0,1
14097.29,2,38,0,0,1,1
1717.7,6,22,1,0,1,1
11643.87,14,29,1,1,1,1
13751.57,7,6,1,0,0,0
8206.13,0,8,1,1,0,1
12485.59,13,2,1,1,0,1
2895.4,18,13,1,1,1,1
12270.7,23,38,1,0,1,1
295.89,4,2,1,1,0,1
4404.92,5,27,1,0,1,1
1001.55,20,14,0,1,0,0
8033.19,3,14,1,1,0,1
13090.12,21,29,0,0,0,0
1675.06,12,21,0,1,1,1
7062.59,15,36,1,0,0,0
6608.6,12,22,1,1,1,1
3791.98,13,13,0,1,0,0
9024.67,0,15,0,1,0,1
2147.08,3,31,1,0,1,1
9771.54,21,26,1,0,0,0
8421.61,12,31,0,1,1,1
9334.47,21,34,1,0,0,0
5428.15,23,3,0,1,0,0
285.91,11,1,0,1,0,0
4497.82,8,22,1,0,0,0
5014.57,21,14,0,0,0,0
6439.24,19,22,1,0,0,0
9264.37,15,26,0,0,0,0
10658.59,19,9,1,1,1,1
1869.62,5,40,0,1,1,1
11529.48,9,7,0,1,1,1
1235.87,20,11,0,0,0,0
4953.82,10,1,0,0,0,0
8273.6,1,10,1,1,1,1
13273.53,13,38,0,0,1,1
3060.93,21,1,1,0,1,1
14353.03,10,28,1,0,0,0
11507.45,11,33,0,1,1,1
1024.78,18,27,0,0,1,0
5617.77,9,31,0,0,1,0
8394.14,5,10,0,0,1,1
4351.72,16,32,0,1,0,0
953.42,15,19,1,0,1,1
7904.65,17,20,0,0,0,0
12264.61,23,14,0,0,1,1
12504.7,13,14,0,0,1,1
8875.3,3,0,0,1,1,1
503.04,8,11,1,0,1,1
8115.34,15,12,1,1,0,1
13726.49,2,19,0,1,1,1
8295.64,5,8,0,1,1,1
6201.53,14,26,0,0,1,1
13075.3,11,18,0,1,1,1
11802.78,17,9,1,1,1,1
10160.94,22,11,1,1,0,1
7264.76,11,25,1,0,1,1
617.34,13,27,0,1,0,0
7151.68,7,10,1,0,0,0
5855.84,3,40,1,0,0,0
12849.06,22,40,0,1,0,0
9098.13,12,21,0,0,1,1
4313.76,4,2,0,0,1,1
2206.51,6,26,1,1,1,1
7779.73,19,28,1,0,1,1
10953.1,3,19,1,1,0,1
11737.32,7,31,1,0,1,1
2658.73,5,1,1,1,1,1
12609.25,23,18,0,0,0,0
9947.5,12,5,1,1,0,1
5007.52,14,14,1,0,0,0
6291.67,19,15,0,1,1,1
8651.65,4,4,1,0,1,1
12829.49,14,22,0,0,0,0
10488.56,10,33,0,0,0,0
14234.97,4,9,0,1,1,1
7548.77,22,14,0,0,0,0
1070.18,19,23,0,1,0,0
11390.88,17,14,0,0,1,1
3490.57,19,12,0,0,1,0
7335.91,0,39,1,1,0,1
7916.13,4,8,1,1,1,1
6739.8,2,21,1,0,1,1
9061.9,23,24,1,1,1,1
4864.99,8,32,0,1,0,0
10512.99,20,0,1,1,1,1
13180.58,7,24,1,1,1,1
12918.63,3,29,0,0,1,1
9494.98,9,7,1,0,0,0
11227.07,2,28,1,1,1,1
12016.25,13,7,0,1,0,0
9227.75,10,26,1,1,0,1
13353.28,0,38,1,0,0,1
14696.04,21,11,1,1,0,1
10419.89,3,18,1,1,0,1
6746.32,4,36,1,1,1,1
6963.84,16,7,0,0,0,0
1779.59,17,27,0,1,1,1
9680.0,13,13,1,0,1,1
10954.49,18,16,1,0,0,0
3819.68,2,33,1,0,1,1
7981.29,11,1,0,1,0,0
5387.85,16,20,1,1,1,1
12641.71,22,25,1,1,1,1
4136.3,10,15,0,0,1,0
13288.55,20,8,1,1,1,1
7737.41,13,22,0,0,0,0
12223.93,12,15,1,0,0,0
6372.64,12,13,0,0,1,1
3766.83,3,13,1,1,1,1
14035.02,0,7,0,1,0,1
1203.32,3,22,1,1,1,1
3756.19,22,29,0,1,0,0
577.61,17,33,1,1,0,0
5468.87,10,35,0,0,1,0
3654.53,2,36,0,1,1,1
11683.05,12,14,1,0,1,1
8957.88,3,21,0,0,0,0
5629.53,23,17,1,1,0,1
5486.27,22,6,0,1,1,1
982.73,17,26,0,0,1,0
9226.96,1,8,0,0,0,0
2500.88,9,11,0,1,0,0
10847.73,20,1,1,0,1,1
524.45,8,22,0,0,0,0
4894.63,19,34,0,0,0,0
6414.95,10,28,1,0,0,0
9109.57,13,31,0,1,0,1
9087.84,10,10,0,0,0,0
11921.66,14,23,1,1,1,1
894.48,20,38,1,1,1,1
4827.28,5,4,0,1,0,0
5516.89,9,29,1,1,0,1
7210.86,17,2,1,1,1,1
445.72,20,35,1,1,1,1
8982.38,14,28,0,0,0,0
9410.53,16,40,1,1,1,1
13729.26,22,34,0,0,0,0
3855.75,8,9,0,0,0,0
10529.75,10,3,1,0,0,0
14505.07,22,18,1,0,1,1
4648.29,13,30,0,1,1,1
3852.71,15,34,1,0,0,0
13719.49,8,19,0,0,1,1
4892.53,21,13,0,1,0,0
5766.42,21,21,0,0,0,0
371.37,8,27,1,0,1,1
7376.54,5,36,1,1,0,1
3072.46,11,33,1,1,1,1
14217.49,1,3,0,1,0,1
14768.07,6,7,1,1,0,1
5936.99,17,30,1,0,0,0
10356.85,2,25,0,1,1,1
543.35,1,19,0,0,0,0
14618.65,0,15,0,0,1,1
10253.19,8,33,0,0,0,0
4141.66,7,0,1,1,0,1
686.25,23,7,0,0,1,0
10121.87,0,6,1,0,0,1
3230.12,13,29,0,1,1,1
13670.26,13,40,0,1,0,0
10968.8,10,35,1,0,0,1
14391.43,1,24,1,1,0,1
3453.2,17,16,1,0,0,0
1219.18,23,1,0,0,1,0
10857.29,22,15,0,1,1,1
13052.93,0,37,1,0,0,1
13629.72,21,16,0,0,1,1
949.45,6,13,0,1,1,1
1598.06,13,28,0,0,1,0
12555.94,18,3,0,1,0,1
6463.92,5,38,0,0,1,0
12155.8,11,31,0,0,0,0
7133.34,9,40,0,1,1,1
11740.94,14,24,1,0,0,0
13514.78,14,0,0,1,0,1
14065.19,5,13,1,1,1,1
6038.68,23,5,1,1,0,1
4019.48,16,9,1,0,0,0
687.06,15,20,1,0,0,0
11850.56,22,21,0,0,1,1
5861.37,17,20,0,0,0,0
14544.51,6,33,1,0,1,1
1238.21,2,39,0,0,0,0
13445.64,20,22,1,1,1,1
11081.97,8,26,0,0,1,1
10729.69,10,29,0,1,0,0
5876.45,5,6,0,0,1,0
1723.9,16,2,0,1,1,1
14855.98,17,32,1,1,0,1
13987.54,21,35,0,1,1,1
5841.28,11,9,0,1,0,0
14992.64,12,1,1,0,1,1
8899.73,3,25,1,1,1,1
7347.58,6,12,0,0,1,0
7007.1,10,9,0,1,1,1
3336.49,0,1,1,0,1,1
11764.41,19,28,1,1,0,1
3948.26,20,16,1,0,1,1
968.91,21,23,0,1,1,1
1305.6,1,30,0,1,1,1
7909.19,21,12,0,1,1,1
7941.69,16,30,0,0,1,0
14377.59,23,22,1,0,0,0
7180.63,2,7,0,1,1,1
10718.72,8,18,0,0,1,1
5656.97,23,9,1,0,1,1
3417.52,11,27,0,0,1,0
12318.24,19,4,0,0,0,0
14431.17,4,24,1,0,0,1
279.84,0,35,1,1,1,1
1495.88,20,29,0,0,0,0
4665.08,8,2,0,1,0,0
10597.85,21,28,1,1,1,1
10894.06,1,8,0,0,0,0
2435.18,5,11,0,1,0,0
1218.79,8,5,1,0,0,0
2758.47,21,32,0,1,0,0
1028.2,16,6,0,0,0,0
2489.19,0,16,0,0,1,0
6469.22,22,1,1,1,1,1
1501.59,23,2,1,1,0,0
4043.31,19,18,1,0,0,0
715.85,10,13,1,0,0,0
3608.48,6,39,0,0,0,0
6329.34,9,21,1,0,0,0
7289.29,1,35,1,1,1,1
9666.9,19,9,1,1,0,1
8749.51,14,2,1,0,0,0
3067.25,23,1,0,0,0,0
7108.73,1,28,1,0,0,0
11002.24,18,25,1,0,1,1
13132.85,13,25,1,1,0,1
1494.42,9,22,0,1,0,0
5448.38,17,32,0,0,0,0
9922.39,22,9,0,1,0,0
10401.0,19,31,1,1,1,1
10179.93,5,14,1,0,1,1
14925.1,12,28,1,0,1,1
7563.42,18,5,1,0,0,0
1900.57,8,38,1,1,1,1
535.36,9,19,1,1,1,1
6457.23,18,32,1,0,1,1
11850.07,20,16,1,1,0,1
9418.61,17,34,1,0,1,1
5307.33,11,1,1,0,0,0
11784.93,1,0,0,0,0,0
1084.66,11,12,1,0,1,1
10855.97,18,9,0,1,1,1
12484.7,14,8,0,0,1,1
5002.72,2,39,1,0,0,0
12882.18,12,31,1,1,1,1
4895.6,16,4,0,1,1,1
6820.43,1,20,0,0,1,1
14852.95,9,8,1,0,0,1
10649.63,7,27,1,0,0,0
10225.08,15,33,0,1,1,1
11874.45,23,36,0,1,1,1
2568.42,4,24,0,1,1,1
7543.32,11,40,0,0,0,0
12310.38,9,2,0,0,0,0
7948.12,1,15,1,0,1,1
13914.14,8,2,1,1,1,1
2414.67,15,35,1,0,0,0
10083.68,4,40,1,1,1,1
7015.72,13,4,0,1,0,0
14954.66,20,24,1,0,1,1
11453.96,21,26,1,0,1,1
4287.36,16,14,1,0,0,0
3416.67,17,30,1,0,0,0
9521.33,23,6,1,0,0,0
14175.55,12,35,0,1,1,1
172.95,5,32,1,0,0,0
11132.62,5,8,0,0,0,0
680.68,9,16,0,0,0,0
10684.31,21,18,0,1,0,1
7744.27,16,38,0,0,1,1
2936.13,22,36,0,0,1,0
6246.99,2,18,0,0,0,0
1903.69,7,8,0,0,1,0
11818.55,22,25,1,1,1,1
13776.68,10,1,0,1,0,0
866.83,4,36,1,1,0,1
13798.51,7,4,1,0,1,1
13895.72,0,3,0,1,0,1
14715.43,6,40,1,1,0,1
2817.43,0,27,0,0,1,0
13714.48,11,19,0,1,0,0
9833.78,19,26,0,0,1,1
9594.31,20,30,0,1,1,1
11452.32,21,13,1,1,0,1
7941.55,4,27,1,0,0,0
9853.99,16,10,1,1,1,1
8757.01,2,14,0,1,1,1
3529.39,23,15,0,0,0,0
14914.37,2,5,1,1,1,1
8702.22,2,4,1,1,0,1
2153.16,4,6,1,0,1,1
4147.68,12,12,1,1,1,1
8275.82,18,3,0,0,0,0
108.53,2,9,0,1,1,1
4710.18,5,28,1,0,0,0
9763.82,5,20,0,0,0,0
7748.53,10,3,1,1,1,1
12770.26,5,38,0,1,1,1
9831.83,7,1,1,1,0,1
8827.54,8,18,0,1,1,1
8647.65,2,8,0,0,0,0
3989.53,5,6,1,0,1,1
8432.39,7,30,0,0,0,0
7238.4,4,38,1,0,1,1
10677.34,19,9,1,1,0,1
4689.49,6,3,0,1,1,1
2863.13,6,5,0,1,0,0
1364.04,6,17,0,1,1,1
1259.79,3,39,0,0,1,0
3278.71,19,1,1,1,0,0
7541.15,3,0,1,1,1,1
9827.68,14,19,1,1,0,1
676.67,5,23,0,1,1,1
10066.31,11,6,1,1,1,1
9780.4,3,2,1,0,1,1
5550.11,0,15,0,1,0,0
4872.1,23,20,0,0,1,0
12639.22,4,30,0,0,0,0
443.84,18,15,1,1,1,1
9043.83,10,19,1,1,1,1
7464.53,23,16,0,1,1,1
2939.99,22,25,0,0,0,0
490.19,3,26,0,0,1,0
4473.34,21,33,1,0,0,0
11723.99,14,2,1,1,1,1
1680.65,4,7,0,0,1,0
9681.66,4,30,0,1,1,1
6583.52,0,8,1,1,1,1
9564.18,9,26,1,0,0,0
5793.89,20,6,1,1,1,1
5178.65,14,4,1,1,1,1
2758.72,12,3,0,0,1,0
13768.31,8,8,1,0,1,1
6238.8,12,33,0,0,0,0
6320.1,1,38,0,0,1,1
13953.75,16,12,0,1,1,1
2889.72,2,0,1,0,1,1
11855.2,22,27,1,1,1,1
14943.92,7,22,0,1,1,1
6595.28,5,29,1,0,0,0
9456.22,4,12,0,1,0,1
7333.61,9,35,1,1,0,1
14464.63,5,6,0,1,1,1
12571.76,13,30,0,1,0,0
10434.47,8,11,1,0,0,1
6515.92,17,33,1,1,1,1
3988.52,4,28,1,1,0,1
1810.46,19,29,0,1,0,0
5136.65,19,20,1,0,0,0
14818.38,19,17,1,0,0,0
13272.45,14,7,1,0,0,0
13434.44,19,7,0,0,0,0
6545.86,23,14,1,0,1,1
1744.1,6,32,0,1,0,0
5414.27,8,34,1,1,0,1
12875.87,5,31,0,1,1,1
9863.65,12,16,1,1,0,1
2445.82,3,14,0,1,0,0
12162.36,16,14,0,0,0,0
9794.26,17,13,0,0,1,1
2338.46,5,1,0,1,1,1
7464.09,5,20,0,1,0,0
7387.32,0,24,1,0,1,1
9561.84,19,10,0,0,1,1
1472.37,12,40,0,1,0,0
8688.59,6,30,0,0,1,1
14043.11,0,36,0,0,1,1
11612.41,9,7,1,1,0,1
7269.07,21,36,0,0,0,0
2720.59,7,21,0,0,0,0
6304.19,15,25,1,0,1,1
5447.29,6,38,0,1,1,1
340.22,10,2,0,0,1,0
12817.09,14,15,1,0,1,1
874.97,17,35,1,1,0,0
554.22,21,2,0,0,0,0
11144.04,0,10,1,1,0,1
1158.09,0,39,0,1,1,1
2984.79,23,39,0,0,0,0
6558.53,13,38,1,1,1,1
2010.95,19,13,0,1,0,0
12524.6,23,38,1,1,0,1
11678.7,22,36,1,0,0,1
5625.87,21,4,1,0,1,1
4462.14,20,14,1,0,1,1
1556.89,8,16,1,0,0,0
1917.05,18,5,1,0,1,1
5739.27,4,33,1,1,0,1
7511.54,1,3,1,0,0,0
5369.2,8,11,1,0,1,1
6598.68,15,8,1,0,0,0
7246.48,23,29,0,0,0,0
2483.83,0,29,1,0,0,0
2521.01,14,18,1,0,1,1
14675.41,4,4,0,1,0,1
11767.19,19,8,1,0,0,1
9675.35,0,37,1,1,0,1
8697.63,0,31,1,0,1,1
13195.38,13,31,0,1,1,1
6069.93,6,2,0,1,0,0
8499.65,2,24,1,0,0,1
13027.27,21,20,0,0,1,1
14149.72,18,18,1,0,1,1
10995.04,15,17,0,1,0,0
1551.2,19,4,1,0,1,1
23.68,4,11,1,1,0,1
789.75,6,24,1,0,0,0
749.86,7,32,0,0,1,0
2398.16,23,0,1,0,0,0
6938.95,7,7,1,0,1,1
13263.73,10,38,0,0,0,0
5835.72,8,18,0,0,1,0
22.09,18,4,0,1,0,0
13090.88,8,9,0,1,1,1
14371.81,0,25,1,1,1,1
7097.92,18,4,1,0,1,1
1934.33,18,24,1,0,0,0
6995.12,3,33,0,0,1,1
3398.41,7,31,1,0,1,1
13788.57,17,7,1,0,0,0
6881.68,15,32,0,0,0,0
3815.21,10,15,1,0,0,0
10610.51,19,5,0,1,0,1
9282.41,17,24,0,1,1,1
3634.51,3,2,1,0,0,0
5029.9,15,25,0,1,0,0
3150.38,5,10,0,1,0,0
8807.76,16,11,0,0,1,1
6089.44,4,39,1,0,1,1
7669.41,7,12,1,1,0,1
3681.56,1,19,1,1,1,1
7952.45,23,34,0,0,0,0
11026.72,4,40,1,1,1,1
8142.84,19,32,1,1,0,1
13665.26,16,26,0,0,0,0
6029.9,5,14,1,0,0,0
1902.81,11,25,0,0,1,0
4936.62,14,9,1,0,0,0
104.73,12,7,1,1,1,1
10480.22,0,2,0,1,0,1
12430.21,16,39,1,1,0,1
4714.9,0,33,1,1,1,1
5340.97,22,1,1,0,1,1
8442.24,13,39,0,0,1,1
4683.28,9,40,0,1,1,1
7150.22,21,31,0,0,0,0
13009.49,5,6,1,1,0,1
10070.13,4,14,0,0,0,0
11159.36,16,20,1,0,0,0
13755.48,21,26,0,1,1,1
609.02,8,31,0,0,1,0
5071.56,19,5,1,1,0,1
12964.6,12,20,1,0,0,1
12862.03,4,1,0,1,0,1
6078.1,13,22,1,1,1,1
2998.84,3,24,0,1,1,1
825.77,8,24,1,0,0,0
3863.44,6,2,1,1,1,1
8213.71,14,9,0,1,0,1
11487.76,12,7,1,1,0,1
3188.69,12,8,1,0,1,1
7060.71,11,36,1,0,1,1
14473.7,7,19,0,1,1,1
4409.49,0,14,0,0,0,0
1506.25,23,2,1,0,0,0
7111.85,8,12,0,1,0,0
4835.3,19,12,0,1,0,0
10537.14,21,22,1,1,0,1
9826.31,2,29,0,0,1,1
3627.88,19,20,0,0,1,0
2928.15,12,8,1,1,1,1
806.63,1,30,0,0,1,0
11043.0,11,17,1,0,0,0
7689.81,9,34,1,0,0,0
9390.11,2,40,0,0,0,0
11320.75,4,13,1,0,1,1
5991.56,0,2,0,1,0,0
4291.9,8,19,0,1,1,1
8142.8,16,39,0,0,0,0
7558.81,16,39,1,1,1,1
9730.16,5,4,1,0,1,1
4724.08,10,29,0,1,0,0
7284.34,6,23,1,1,1,1
3576.91,16,35,0,1,1,1
11848.12,11,33,1,1,0,1
7036.46,10,30,1,0,0,0
2463.48,12,14,0,1,0,0
578.7,18,34,1,1,1,1
4074.81,4,1,0,1,0,0
6380.18,15,18,1,1,1,1
3070.84,15,29,0,1,0,0
9403.8,2,27,1,0,1,1
3217.22,21,18,1,0,1,1
6345.94,4,36,0,1,0,0
2309.01,1,6,0,1,0,0
7057.48,2,32,1,1,0,1
9177.94,7,7,0,0,0,0
8406.27,9,40,0,1,1,1
153.47,21,7,1,0,0,0
2914.27,16,19,0,0,0,0
8838.74,19,17,1,0,1,1
11127.78,15,28,1,0,1,1
9796.17,1,13,1,1,1,1
1672.0,14,29,1,1,1,1
13468.27,9,5,0,1,0,0
14877.13,1,40,0,0,0,0
14562.91,12,3,0,1,0,1
1811.07,1,37,0,0,0,0
5215.22,20,2,0,0,1,0
4127.75,1,40,1,1,1,1
5813.1,20,33,0,1,1,1
9242.62,10,16,0,0,0,0
13738.12,1,40,1,1,1,1
14036.74,14,36,1,1,0,1
5228.19,10,36,1,0,0,0
12856.04,15,9,0,0,0,0
2357.02,2,32,0,0,0,0
7431.07,16,5,1,1,1,1
2572.82,4,17,1,0,0,0
4086.49,8,29,1,0,0,0
5563.16,5,19,1,0,0,0
6048.34,18,37,1,0,0,0
13321.69,6,4,1,1,1,1
2238.67,3,25,0,1,1,1
6235.49,18,32,1,0,1,1
11265.78,16,26,1,1,1,1
4557.36,9,36,0,0,0,0
9027.31,12,31,0,1,0,0
6331.76,0,9,0,0,1,1
2746.17,20,9,0,0,1,0
13689.11,20,6,0,1,0,0
4772.93,23,40,1,1,1,1
1498.67,1,14,1,0,0,0
4419.33,21,27,0,0,0,0
2368.0,4,23,0,1,0,0
2937.48,14,39,1,1,1,1
3773.62,14,18,0,0,0,0
7833.05,13,11,1,1,0,1
12020.28,17,1,0,0,0,0
9672.63,15,19,0,0,0,0
8318.37,10,8,1,1,1,1
11394.16,0,2,1,0,0,1
8644.78,7,40,1,0,0,0
2635.65,20,8,0,1,0,0
10387.25,8,31,0,0,0,0
4588.1,21,39,1,1,1,1
10394.16,11,16,1,0,1,1
17.83,6,13,0,0,1,0
14616.85,4,25,1,1,0,1
2165.29,2,16,0,1,1,1
10873.99,22,19,0,0,1,1
13841.66,2,23,1,0,1,1
13453.8,17,2,1,1,1,1
10674.82,10,22,1,1,1,1
10173.39,12,38,1,1,1,1
5995.83,2,24,1,0,0,0
6938.8,11,29,0,0,1,0
4137.5,2,29,1,0,1,1
8760.99,23,22,0,0,1,1
2112.01,4,4,0,1,0,0
2342.64,17,2,0,1,0,0
14490.71,16,17,1,0,1,1
7737.86,3,33,1,1,0,1
14481.49,23,33,1,1,0,1
1833.78,2,34,1,0,0,0
9560.11,3,24,0,1,0,1
4005.41,11,30,0,0,1,0
1161.52,15,14,0,1,1,1
12414.83,11,31,0,1,0,1
6069.53,7,12,0,0,0,0
8857.87,21,11,0,1,1,1
747.29,11,16,0,1,1,1
10069.33,2,1,1,0,0,1
5186.22,12,31,1,0,1,1
11842.95,23,13,0,0,0,0
7086.38,7,14,0,1,1,1
8219.85,0,34,1,1,1,1
6554.2,20,36,1,1,0,1
12364.15,12,11,0,1,0,1
7474.22,22,11,0,1,0,0
9550.97,7,18,0,0,0,0
11775.38,18,9,1,0,1,1
2998.72,23,3,1,1,1,1
8928.95,2,9,0,0,0,0
7160.94,2,15,0,1,0,0
9440.37,1,31,0,0,1,1
14900.85,12,37,0,1,1,1
14229.96,2,6,0,1,1,1
492.05,18,1,1,0,1,1
11479.78,21,35,0,1,1,1
12110.38,17,24,0,1,0,0
9930.81,0,23,0,0,0,0
12966.54,23,6,1,1,1,1
10702.11,4,32,1,1,0,1
9278.49,4,10,0,0,1,1
10511.29,6,22,1,0,0,0
12739.08,14,14,0,1,0,0
4454.08,3,31,1,1,0,1
3294.99,3,40,1,0,1,1
77.34,12,24,0,1,1,1
11300.06,2,38,0,1,1,1
10300.82,7,12,1,1,0,1
14144.19,10,9,1,0,0,0
9423.79,0,22,0,1,1,1
6409.2,16,3,1,1,0,1
12965.1,22,33,0,1,1,1
5194.32,22,14,0,0,1,0
2904.68,17,0,0,1,1,1
9367.09,9,2,0,1,1,1
757.14,0,0,0,0,0,0
11947.46,4,9,0,1,1,1
11276.76,1,13,0,0,1,1
464.14,4,21,1,1,1,1
6339.3,23,27,1,0,0,0
2385.39,23,24,1,1,1,1
890.9,1,34,0,0,1,0
11218.83,3,16,1,1,0,1
6074.28,23,30,0,1,1,1
6082.99,3,36,1,0,0,0
11282.03,13,33,1,1,0,1
11844.89,21,1,0,1,0,0
8679.84,11,40,1,1,1,1
4443.67,18,15,0,1,1,1
13180.26,4,14,1,0,0,1
2479.33,13,20,1,1,0,0
4083.83,15,18,1,0,0,0
3384.63,17,33,0,1,1,1
7628.78,16,6,0,0,1,1
2743.15,20,22,1,1,0,1
4653.28,5,27,1,0,1,1
7935.65,16,10,0,1,0,0
11262.09,22,27,0,1,0,0
4514.64,22,30,0,0,0,0
7322.52,9,19,0,1,1,1
6040.72,17,18,0,0,1,0
8984.59,2,28,0,1,1,1
10089.34,20,22,0,0,1,1
5707.03,22,4,0,0,1,0
11908.82,21,16,1,0,0,0
13851.98,12,34,1,1,1,1
7952.57,4,5,0,1,0,1
10146.5,14,19,0,0,0,0
11070.44,10,34,1,0,0,1
6586.81,5,39,1,0,0,0
11033.55,0,9,0,1,0,1
4188.76,3,16,0,0,1,0
6558.45,2,39,0,1,1,1
13590.86,16,6,0,0,1,1
13796.42,9,8,1,0,1,1
5738.14,13,2,0,1,1,1
9381.42,1,21,0,1,1,1
2284.58,17,6,1,0,1,1
12481.61,20,29,1,0,0,0
2423.39,17,5,1,0,0,0
9459.37,20,39,0,0,1,1
2059.86,6,18,0,0,1,0
12126.05,20,8,1,0,1,1
5955.6,2,14,1,0,0,1
10669.54,10,35,1,1,1,1
6408.37,17,32,1,1,0,1
219.66,5,10,0,1,0,0
2442.44,9,14,1,0,0,0
11415.85,18,1,0,1,0,0
11189.85,22,13,0,0,1,1
6894.98,16,29,1,0,0,0
12145.39,14,2,1,1,0,1
1251.82,1,10,0,0,1,0
9219.09,3,35,0,1,0,1
13581.65,10,15,0,1,0,0
10107.06,11,20,1,0,0,0
14275.68,9,10,0,0,1,1
11566.87,7,35,1,0,1,1
6852.57,21,5,0,1,0,0
1777.31,23,22,0,0,1,0
5948.96,21,32,0,0,1,1
548.47,4,23,0,0,1,1
1193.36,22,26,1,1,1,1
9757.5,17,29,1,1,0,1
4726.41,19,6,1,0,1,1
9808.28,13,20,1,0,1,1
4750.09,14,33,1,0,0,0
45.56,2,32,0,1,0,0
12810.72,19,11,0,1,0,1
5671.17,3,13,1,0,0,0
5276.89,12,3,0,0,1,0
4976.92,10,12,0,0,1,0
9407.15,15,16,1,0,0,0
2420.81,20,28,1,0,0,0
6062.08,18,17,0,1,1,1
8142.94,0,27,0,1,1,1
4478.38,22,17,1,1,0,0
1944.75,4,19,1,1,1,1
14023.43,17,2,0,1,1,1
13943.46,23,1,0,0,1,1
726.09,13,36,1,1,1,1
11761.41,0,15,0,0,0,0
3766.5,2,4,1,1,1,1
3599.44,15,35,0,0,1,0
3489.72,0,40,1,1,1,1
6549.37,4,26,1,0,1,1
13015.64,16,26,1,1,1,1
4844.55,13,38,1,1,0,0
6330.4,2,25,0,0,0,0
10048.5,12,19,1,1,0,1
4790.47,0,32,1,0,0,0
13375.38,10,26,0,1,0,0
13866.92,23,29,1,1,0,1
9246.49,3,38,0,1,1,1
7054.09,0,0,1,1,1,1
14806.62,15,7,0,0,0,0
5142.3,9,15,1,0,0,0
8877.05,5,13,1,1,0,1
4502.55,6,20,1,0,0,0
12732.51,19,25,0,1,1,1
59.56,2,23,0,1,1,1
6288.74,4,25,1,0,0,0
2591.37,10,30,0,0,1,0
9233.43,0,36,1,1,0,1
2687.63,16,26,0,1,0,0
8880.55,10,18,0,0,1,1
6834.16,14,35,1,0,1,1
6469.73,5,22,0,1,0,0
10430.71,8,14,0,1,1,1
1462.83,17,26,1,0,0,0
14458.72,0,3,0,0,1,1
14561.19,17,6,0,0,0,0
1243.35,13,12,1,1,0,0
12385.78,11,10,0,1,0,0
11771.23,6,37,0,0,1,1
14395.99,1,31,1,1,1,1
9367.88,20,1,0,1,1,1
291.08,22,0,0,1,1,1
1392.01,15,23,1,1,1,1
5423.6,17,5,1,1,1,1
14898.59,11,13,1,0,1,1
376.76,4,36,0,0,1,0
12665.79,19,0,1,0,0,1
12435.5,2,29,0,1,1,1
5593.1,6,28,0,1,1,1
6471.12,23,17,1,0,0,0
7941.43,14,14,0,1,0,0
13132.15,2,6,0,0,0,0
12029.17,1,22,1,0,1,1
13864.56,2,30,1,1,1,1
8760.21,2,23,1,0,0,1
14473.85,19,18,1,0,1,1
4007.05,5,12,1,0,0,0
3723.09,4,18,0,1,1,1
10250.28,2,22,1,1,1,1
6420.21,18,25,1,1,1,1
14135.82,17,18,1,0,1,1
5010.41,6,12,1,0,1,1
2929.23,18,20,0,0,0,0
13816.53,11,37,0,1,1,1
3397.41,15,17,0,0,1,0
10371.49,14,10,0,0,1,1
1472.16,22,16,0,1,0,0
11308.07,11,8,0,1,1,1
6107.11,8,26,0,1,1,1
7597.69,4,27,0,1,0,0
3488.82,15,14,0,1,1,1
9766.38,14,19,1,0,1,1
13239.87,1,31,1,1,0,1
9910.77,5,22,0,1,0,0
8488.94,19,35,0,1,0,0
11939.07,7,14,1,0,1,1
3800.92,21,21,1,1,0,1
6027.73,9,35,1,1,1,1
6798.36,0,1,0,0,1,1
3686.7,20,16,0,0,1,0
2113.38,6,22,0,0,0,0
1731.36,3,11,0,1,1,1
4122.68,19,16,1,1,0,0
13389.58,22,13,1,1,0,1
4808.99,21,38,0,0,0,0
1728.39,21,9,0,1,0,0
6960.0,5,10,0,1,0,0
3246.02,3,14,1,1,0,1
11718.66,1,36,0,1,1,1
6270.83,15,39,1,1,1,1
3139.52,9,35,1,1,1,1
5407.6,15,16,0,1,0,0
8150.12,10,19,1,1,0,1
2455.68,16,2,1,1,1,1
9705.96,0,19,1,1,1,1
14398.12,17,2,1,0,0,0
13395.4,13,20,0,0,0,0
8304.97,13,40,0,0,0,0
314.53,11,31,0,0,1,0
1549.3,12,38,1,0,1,1
5446.55,13,7,1,0,1,1
4618.71,14,14,0,1,0,0
13916.48,5,17,0,0,1,1
1658.6,23,32,0,1,0,0
11139.57,20,8,1,0,1,1
12941.47,17,39,0,1,1,1
7974.02,6,5,1,0,1,1
89.44,14,39,0,1,0,0
3960.33,15,10,0,1,1,1
11245.98,16,26,1,1,0,1
11220.44,16,34,0,0,0,0
7859.76,13,28,1,0,1,1
8744.64,6,32,1,0,0,1
10325.38,19,6,0,1,1,1
13444.3,3,37,1,0,0,1
9328.16,12,8,1,0,0,0
12933.63,4,34,0,1,0,1
1600.09,4,6,0,1,1,1
1575.36,12,14,0,0,1,0
2858.83,4,4,0,0,0,0
1150.13,10,31,1,1,0,0
10875.31,21,24,1,1,1,1
8567.46,1,19,0,0,0,0
4197.62,20,9,1,0,0,0
2706.28,18,8,0,1,0,0
10156.69,11,34,0,0,0,0
4158.11,17,20,0,1,1,1
9269.71,1,1,0,1,0,1
9429.39,4,14,1,0,1,1
5847.19,9,26,1,1,0,1
9691.67,5,15,0,0,1,1
13100.68,11,37,0,0,0,0
1822.26,11,8,0,0,1,0
4280.2,4,40,1,1,0,1
7535.28,15,36,1,0,1,1
11264.34,5,33,0,0,1,1
14840.63,12,38,0,0,1,1
6161.06,15,1,1,1,0,1
14203.41,18,20,0,0,1,1
14779.84,22,2,1,0,1,1
13052.86,22,38,0,1,1,1
2989.63,9,16,0,1,0,0
11943.43,11,7,1,1,0,1
6066.56,2,35,1,0,1,1
2826.91,7,27,1,0,0,0
5491.53,8,5,0,1,1,1
5355.6,17,39,1,0,0,0
14725.15,3,4,0,1,1,1
10486.09,20,7,1,1,1,1
3173.9,4,31,0,1,1,1
6511.95,7,28,0,0,1,1
12290.91,4,0,0,0,0,1
4380.68,2,4,1,0,1,1
6683.71,19,14,1,1,0,1
13266.29,1,10,1,0,1,1
9355.93,10,34,1,1,1,1
982.89,5,34,0,1,1,1
6008.35,19,30,1,0,0,0
595.27,9,30,0,1,0,0
4834.51,20,14,1,1,0,1
2305.66,17,36,1,0,0,0
7102.01,10,12,1,1,0,1
8209.48,10,12,1,1,0,1
12264.51,8,34,0,0,1,1
6863.44,13,34,0,0,1,0
8999.16,4,35,1,1,1,1
9579.77,6,20,1,1,1,1
3272.9,11,25,1,0,0,0
12795.87,6,30,1,0,0,0
6257.18,13,6,1,0,0,0
13371.8,10,3,1,0,1,1
11357.74,11,13,0,0,1,1
7145.71,20,16,0,0,0,0
1820.06,12,19,1,0,0,0
3835.16,15,28,0,1,1,1
13700.32,6,15,0,1,1,1
5706.71,2,39,1,0,0,1
863.04,11,20,0,0,1,0
11646.93,3,27,1,1,0,1
12904.71,18,36,0,0,0,0
14943.15,9,33,0,0,0,0
1703.58,5,40,1,1,1,1
2224.48,17,40,1,1,0,0
9386.86,4,9,0,1,1,1
12893.74,14,37,0,0,1,1
1131.01,13,7,0,0,1,0
6583.93,19,39,0,0,0,0
8704.27,10,31,1,1,1,1
5232.33,2,34,1,1,0,1
6886.58,21,14,1,0,1,1
6911.88,17,33,1,1,1,1
7327.25,9,22,0,0,1,0
5456.04,0,37,0,0,1,1
11697.4,13,32,1,0,0,0
1417.13,8,3,1,0,1,1
12848.92,6,8,0,0,1,1
11657.88,15,1,1,0,1,1
3044.03,23,23,1,1,1,1
2053.44,8,18,1,0,0,0
207.24,16,38,1,1,0,0
4887.05,2,40,0,0,1,1
12638.51,22,9,1,1,0,1
13209.04,1,29,0,0,0,0
10497.79,0,27,1,1,1,1
6834.14,23,5,0,1,0,0
14520.39,19,31,1,0,1,1
3713.05,21,18,0,0,0,0
9869.73,15,0,1,1,1,1
14523.04,13,7,0,1,1,1
14471.19,13,2,1,1,0,1
12352.95,17,19,0,1,0,0
4276.1,8,30,1,0,0,0
9898.68,22,31,0,0,1,1
6128.51,23,6,1,1,0,1
7264.02,22,33,1,1,1,1
2004.73,6,32,1,1,0,0
4266.37,11,12,0,1,0,0
5532.15,2,2,0,1,0,1
13227.67,21,6,1,1,0,1
4440.72,15,21,0,1,1,1
5858.68,6,8,1,1,0,1
14704.45,23,2,1,1,0,1
14367.35,3,10,1,0,0,1
12080.87,1,26,1,0,1,1
13866.27,7,18,0,0,1,1
12989.87,13,25,1,0,1,1
14993.57,10,19,0,1,0,0
3609.38,14,30,0,1,0,0
7599.99,8,18,1,1,0,1
8804.78,21,39,1,0,1,1
13723.27,18,22,1,1,1,1
10602.27,4,27,0,0,1,1
11808.65,13,6,0,0,1,1
668.71,17,0,1,1,1,1
10733.38,3,15,1,0,1,1
8995.56,4,8,0,0,0,0
4178.59,11,18,1,1,1,1
9630.65,8,35,1,0,0,0
12053.39,14,38,1,1,1,1
11245.5,6,40,1,0,0,1
3550.77,2,24,0,1,1,1
3300.63,16,27,1,1,1,1
9313.34,23,33,0,1,1,1
22.91,23,5,0,1,1,1
14633.06,1,27,0,0,0,0
6866.8,17,20,0,0,1,0
11426.7,5,7,0,1,1,1
14767.18,2,30,0,1,0,1
2475.12,13,22,1,1,1,1
3699.63,3,20,0,0,0,0
2934.9,18,8,1,1,1,1
2644.29,11,22,0,1,1,1
3179.58,18,38,0,1,1,1
5904.95,21,7,0,0,0,0
11492.46,18,18,1,0,1,1
1113.67,22,32,0,1,0,0
9455.09,2,36,0,0,0,0
1940.36,16,20,0,0,1,0
5751.41,10,24,0,1,1,1
14056.72,3,18,1,1,1,1
1491.34,19,13,1,1,1,1
6659.6,8,36,0,1,0,0
7614.75,9,13,1,1,0,1
1290.43,3,7,0,1,0,0
3247.2,6,8,1,1,1,1
12606.73,18,10,1,1,0,1
185.49,5,23,0,0,0,0
11327.93,1,18,1,1,0,1
1174.87,12,3,0,1,0,0
16.58,3,17,0,0,1,0
6885.0,10,27,0,0,0,0
5039.14,22,29,0,1,1,1
7281.43,7,40,0,0,1,0
3872.99,5,9,0,0,1,0
9328.09,13,15,0,1,1,1
2773.76,11,23,1,1,1,1
10481.05,3,18,0,1,0,1
132.06,19,12,1,0,1,1
9068.71,11,32,1,1,0,1
121.79,3,27,0,0,0,0
10009.32,22,37,0,1,0,0
11849.19,8,17,1,0,1,1
9177.64,14,35,0,0,1,1
4486.1,23,35,1,0,1,1
11099.98,8,40,1,1,1,1
887.65,22,11,1,0,0,0
4496.99,4,6,0,0,0,0
9719.9,17,17,1,0,0,0
10884.42,2,35,1,0,0,1
5353.29,23,19,1,1,0,1
3992.29,20,16,0,1,0,0
13915.23,5,40,0,0,1,1
1933.98,3,4,0,0,0,0
2751.73,16,8,1,1,1,1
6856.41,14,25,0,0,0,0
10760.79,16,6,0,1,0,0
6680.65,19,26,1,0,1,1
1210.47,13,36,1,0,1,1
13350.61,22,20,1,1,0,1
14646.22,3,36,1,1,0,1
1100.48,2,2,1,1,1,1
5672.38,20,2,1,1,0,1
2497.02,14,20,0,0,0,0
12357.07,12,24,1,1,1,1
1125.34,15,4,1,0,0,0
654.41,9,8,1,0,1,1
14494.75,6,38,1,1,1,1
10219.42,20,29,1,1,1,1
4331.97,16,39,0,0,0,0
10280.42,5,23,1,1,0,1
362.79,12,26,0,1,1,1
14679.94,4,18,0,0,1,1
11143.91,19,0,1,1,1,1
3397.02,2,22,1,1,0,1
14667.35,9,31,1,0,0,0
8868.9,7,24,0,1,0,0
10061.0,13,37,0,1,1,1
1876.09,9,15,1,1,1,1
10092.41,19,23,1,0,1,1
8256.45,7,6,0,0,0,0
1052.03,14,22,1,1,1,1
10659.57,11,14,0,1,0,1
14831.99,16,15,0,0,0,0
6738.54,8,27,0,0,1,0
6243.26,10,28,1,1,0,1
14907.7,10,36,1,1,0,1
2215.95,21,21,1,0,1,1
4259.21,11,14,1,1,0,0
1425.11,15,36,0,0,0,0
11300.48,16,29,0,1,1,1
14789.51,14,4,0,0,0,0
1291.93,19,21,0,1,0,0
13718.14,1,8,0,1,0,1
9435.4,2,1,1,1,0,1
1969.06,23,32,0,0,0,0
2006.38,3,12,1,0,0,0
14258.82,11,23,0,1,0,0
4349.89,4,29,1,0,1,1
5635.49,1,34,1,0,0,1
5762.7,18,32,0,0,1,0
14968.71,1,15,0,1,0,1
6563.07,9,23,1,1,0,1
6311.8,5,8,0,0,1,0
13833.95,15,19,1,0,1,1
12335.93,12,6,0,0,0,0
12048.89,5,30,0,0,0,0
4860.11,16,30,1,1,1,1
7844.3,4,18,0,0,0,0
12203.92,11,17,0,0,1,1
3020.19,0,32,1,0,1,1
12621.63,21,29,0,0,0,0
7341.64,4,39,0,1,0,0
1542.28,11,9,0,0,0,0
2338.83,14,33,1,0,1,1
5671.78,16,20,0,1,0,0
7731.98,3,20,1,0,0,1
2583.82,6,38,1,0,0,0
25.02,20,23,1,0,0,0
8146.93,13,35,0,1,1,1
5663.28,8,14,1,0,1,1
2471.55,16,15,1,0,1,1
615.97,6,34,0,0,0,0
1176.07,14,31,0,1,1,1
6054.91,3,20,0,0,1,1
54.26,1,18,1,0,1,1
4524.99,1,6,0,1,1,1
10474.25,14,29,0,1,1,1
2656.79,9,14,0,0,1,0
1152.78,22,12,0,1,0,0
11898.86,17,39,1,0,0,0
9186.37,16,26,0,0,0,0
8332.06,21,33,0,1,1,1
516.46,19,19,1,1,0,0
7999.19,11,28,1,1,1,1
173.15,13,3,0,1,1,1
910.58,0,0,0,0,0,0
11978.28,7,33,1,0,0,0
9437.8,5,15,1,1,1,1
10037.64,22,36,1,0,0,1
13642.89,17,22,0,1,1,1
3239.12,15,14,0,1,1,1
9206.95,11,9,1,0,1,1
10358.86,17,32,0,1,0,0
6415.3,8,20,1,0,1,1
13640.69,1,31,1,0,1,1
10129.78,12,39,1,0,1,1
8154.7,23,8,1,1,0,1
13774.01,23,19,0,1,1,1
9258.18,14,2,0,0,1,1
8935.75,20,31,0,0,1,1
2370.03,5,28,0,0,0,0
2295.85,7,12,1,0,0,0
5428.49,6,31,0,1,1,1
377.61,12,19,0,0,1,0
13412.8,0,33,1,1,0,1
14154.16,5,24,1,1,1,1
13225.54,6,32,1,0,1,1
4727.15,1,9,1,1,0,1
4932.35,3,9,1,0,1,1
4715.95,16,4,1,1,0,0
10099.66,19,14,0,1,1,1
2923.69,6,13,0,0,0,0
14268.13,19,7,0,0,0,0
11277.54,7,2,0,0,0,0
10206.23,18,29,1,1,0,1
7296.97,11,20,0,0,0,0
11962.93,10,0,1,1,0,1
14207.97,15,40,1,1,1,1
6737.19,7,2,1,1,0,1
4012.18,4,33,0,1,1,1
1662.78,2,38,1,0,0,0
8659.68,20,6,0,0,0,0
802.49,3,21,0,0,0,0
13840.41,12,7,1,1,0,1
11645.76,4,36,1,0,1,1
4882.21,7,1,1,0,0,0
519.4,21,9,1,0,1,1
12985.11,7,30,1,1,0,1
5519.62,5,36,1,0,0,0
6295.04,15,6,1,1,0,1
4353.56,4,21,0,0,1,0
9718.01,14,26,1,1,0,1
4076.8,0,38,0,0,0,0
14913.28,0,17,0,0,0,0
1980.74,12,3,0,0,0,0
9994.96,1,26,1,0,1,1
13993.79,22,25,0,1,0,0
3574.84,11,37,1,1,1,1
13315.14,11,18,0,1,0,0
9771.97,22,27,0,0,1,1
12100.95,17,16,1,1,0,1
10573.51,14,37,0,0,0,0
11921.22,9,30,1,0,0,0
12837.68,19,22,1,0,1,1
8308.22,4,21,1,0,1,1
2751.27,16,25,0,0,1,0
1931.4,8,1,1,0,1,1
10.44,22,5,1,0,1,1
1981.98,1,6,1,1,0,1
9512.32,22,32,0,0,1,1
2956.15,16,39,0,1,0,0
3584.49,9,3,0,0,1,0
1097.27,13,1,1,1,1,1
2098.54,22,21,1,0,0,0
9878.86,1,36,0,0,0,0
48.13,6,28,0,0,0,0
7150.2,3,31,1,0,0,0
3638.11,13,38,0,1,0,0
892.04,3,27,0,1,1,1
1666.61,8,35,1,0,0,0
5042.2,1,9,1,1,1,1
11024.24,3,8,0,0,1,1
397.63,22,20,1,0,1,1
3532.74,5,5,0,0,0,0
193.75,8,39,1,1,0,1
10681.44,17,29,0,1,0,1
1341.16,21,2,1,0,1,1
4492.6,18,31,1,0,0,0
6403.1,11,0,1,0,1,1
10174.93,19,0,1,0,0,1
7628.38,11,6,0,0,0,0
6683.27,22,28,1,0,1,1
11657.75,3,33,1,0,1,1
13758.36,17,23,1,0,1,1
4291.01,10,36,0,0,1,0
409.37,7,27,1,0,1,1
9112.34,1,35,0,0,0,0
6609.37,9,33,0,1,0,0
14972.12,20,35,0,0,1,1
4510.56,10,25,1,1,1,1
7023.43,17,9,0,1,1,1
4850.42,5,15,1,1,0,0
2205.41,13,18,0,1,0,0
10273.59,6,27,0,1,1,1
765.73,21,39,1,1,0,0
11888.88,14,26,0,1,0,0
4600.32,13,36,0,1,0,0
1040.17,11,37,0,0,0,0
11756.34,7,11,1,1,0,1
10110.63,13,37,1,1,1,1
626.9,10,39,0,1,0,0
10678.34,20,32,0,0,0,0
3246.63,14,25,1,0,0,0
10317.63,11,29,1,0,0,1
11938.33,2,34,0,1,1,1
1466.95,11,40,1,0,1,1
1680.03,7,30,1,1,1,1
8821.79,19,3,0,1,1,1
12738.81,20,28,1,0,0,0
11161.4,10,37,1,1,0,1
2347.48,2,36,0,1,0,0
7760.6,6,8,0,1,1,1
13383.0,18,26,0,0,0,0
14634.94,19,10,0,0,0,0
6343.71,8,15,0,0,1,1
2306.64,3,34,0,1,0,0
2448.31,19,18,0,1,1,1
1945.93,23,10,1,1,1,1
7569.05,22,16,0,1,0,0
6480.3,17,29,1,1,0,1
12557.16,18,29,1,0,0,0
9987.94,4,1,0,1,1,1
4295.44,11,25,0,1,1,1
8958.78,11,19,1,0,0,0
12070.24,3,29,0,0,1,1
12605.3,4,28,1,1,1,1
1793.0,1,1,1,0,1,1
265.83,10,3,0,1,0,0
14762.2,1,3,1,1,0,1
11752.56,17,29,0,1,1,1
5017.19,0,7,0,0,0,0
5642.61,14,18,0,0,0,0
4430.29,17,19,0,0,0,0
11867.3,12,33,1,0,0,0
406.58,20,25,0,0,0,0
8349.67,6,15,0,1,0,0
12117.14,12,3,0,1,1,1
8160.31,7,3,0,1,1,1
251.08,23,9,1,1,0,0
8394.19,16,33,1,1,0,1
6747.7,21,11,1,0,1,1
2530.95,17,25,0,0,1,0
14078.68,8,9,1,1,1,1
12938.96,8,32,1,0,1,1
4851.49,9,15,1,0,1,1
12102.92,10,24,1,1,1,1
4962.39,20,22,1,0,0,0
6821.55,6,31,0,0,1,0
667.4,7,6,1,0,0,0
12814.16,8,17,0,1,1,1
9696.47,17,5,1,1,1,1
11894.81,23,24,0,0,0,0
682.85,3,18,1,0,1,1
5192.83,3,31,0,0,0,0
1784.75,20,12,1,1,0,0
12719.28,14,25,1,1,0,1
2833.65,21,33,0,1,0,0
4649.53,5,12,1,0,0,0
965.93,23,0,1,0,0,0
5611.5,0,34,1,1,0,1
9991.68,1,36,1,1,0,1
849.59,17,16,0,0,1,0
12397.0,10,17,0,0,1,1
5543.4,5,30,0,0,0,0
339.85,12,12,1,0,1,1
11530.38,11,5,1,0,0,0
9521.92,4,27,1,1,1,1
11517.47,4,28,0,0,1,1
5100.29,10,31,1,1,1,1
5893.93,8,36,0,0,1,0
1129.87,22,16,1,1,1,1
10225.22,2,15,1,0,1,1
11140.7,20,13,1,0,0,1
13005.04,23,11,1,0,1,1
11920.57,0,30,0,0,0,0
9330.54,13,8,0,0,0,0
10786.01,18,37,0,1,1,1
8767.74,19,35,0,0,0,0
5182.03,22,29,0,1,1,1
12456.63,21,10,0,1,1,1
7957.12,6,12,1,1,0,1
5067.09,13,10,1,0,1,1
3533.99,20,13,1,0,1,1
5135.15,2,38,0,1,0,1
12966.23,17,21,0,0,1,1
7695.13,0,38,0,1,1,1
12849.76,6,14,1,1,1,1
13794.19,6,12,0,1,1,1
11969.97,18,24,0,0,1,1
5781.48,18,5,1,1,0,1
3579.96,18,14,0,1,1,1
8831.32,7,21,0,0,0,0
13158.36,11,35,0,0,0,0
386.2,23,27,1,0,0,0
5922.32,9,35,0,1,0,0
12087.29,21,32,1,1,0,1
969.52,7,30,0,0,1,0
735.56,6,36,0,0,0,0
8277.86,18,22,1,1,0,1
14293.19,19,27,0,1,0,0
13501.91,0,1,0,0,1,1
5192.61,21,30,1,1,1,1
14626.3,3,27,1,1,1,1
9512.19,0,40,0,1,1,1
9128.62,23,21,0,0,1,1
13410.09,8,27,1,0,1,1
11896.93,3,40,1,1,0,1
9543.32,23,20,1,0,0,0
11006.98,1,31,0,0,1,1
2896.04,8,27,1,1,1,1
755.98,23,3,0,1,0,0
819.7,20,12,0,0,1,0
1816.41,12,3,0,1,0,0
40.43,21,9,0,0,1,0
11704.73,6,1,1,1,1,1
1776.55,23,10,1,0,1,1
2740.59,8,18,1,1,0,1
12699.61,13,19,1,1,1,1
4556.78,6,12,0,1,1,1
8983.72,4,3,1,0,1,1
7780.27,5,14,1,1,0,1
4741.01,20,19,1,0,1,1
10997.01,9,9,0,1,0,0
2721.44,8,0,0,0,0,0
13796.92,6,9,1,1,1,1
8234.01,17,15,1,0,0,0
12297.55,1,35,1,1,0,1
1265.22,22,1,0,1,0,0
11168.39,4,15,1,0,0,1
7751.26,11,17,1,0,0,0
13995.83,13,32,1,0,0,0
14597.82,20,29,0,1,0,1
8093.61,22,27,0,1,1,1
11181.31,6,31,0,0,1,1
10708.82,2,34,1,0,0,1
7406.52,20,5,1,0,1,1
9231.65,3,8,1,1,0,1
7917.93,22,20,1,0,1,1
13392.05,7,20,0,1,0,0
6065.06,9,39,1,1,1,1
4847.78,9,29,1,1,1,1
9695.09,10,40,0,1,0,0
3231.17,12,32,0,0,1,0
4922.18,2,38,0,1,0,0
1661.13,20,1,1,0,1,1
14274.1,3,7,1,0,1,1
5410.29,16,28,1,0,0,0
6680.84,18,31,1,0,0,0
9155.57,16,6,1,0,1,1
2888.23,11,0,0,1,1,1
749.12,11,21,1,1,1,1
10360.97,17,10,0,1,0,0
4477.19,6,36,0,1,0,0
184.81,12,6,1,0,0,0
10425.58,16,29,0,1,0,1
4927.79,12,31,0,1,0,0
3145.41,23,1,1,0,0,0
5081.12,17,13,1,1,0,1
943.94,18,25,1,1,1,1
12021.9,13,14,1,1,0,1
3940.05,19,0,0,0,1,0
3236.63,12,40,0,0,0,0
1436.81,22,28,1,1,1,1
585.34,13,9,1,0,1,1
6744.92,18,16,0,0,0,0
13399.76,16,20,1,1,1,1
11628.33,0,4,1,0,0,1
6431.25,17,29,0,0,1,1
10167.18,9,0,1,0,0,1
7172.56,22,20,1,1,0,1
1662.47,14,0,1,0,1,1
8478.12,6,1,0,0,0,0
6166.68,7,12,0,1,1,1
8441.93,12,20,1,1,1,1
3583.61,16,40,1,1,0,1
2805.15,19,28,1,1,0,0
12784.56,8,40,1,1,1,1
10379.91,21,27,1,1,0,1
5777.48,1,13,1,0,1,1
9971.82,14,39,1,1,0,1
4125.14,18,28,1,0,1,1
45.82,13,32,1,1,0,0
10538.68,5,31,1,1,1,1
1747.4,19,40,1,1,0,0
13476.13,6,4,0,0,1,1
11227.81,5,14,1,1,1,1
6799.02,23,37,0,0,0,0
13153.03,23,6,1,1,1,1
3469.27,8,32,1,0,0,0
3066.35,19,32,0,0,0,0
10620.78,0,30,0,1,1,1
9664.72,9,31,1,0,0,0
938.97,10,4,1,0,1,1
14739.82,10,21,0,0,0,0
1635.36,23,34,0,0,0,0
8800.01,6,28,1,0,0,0
14105.59,8,37,1,1,0,1
6904.86,13,31,1,1,1,1
8412.1,4,11,0,1,1,1
13902.49,3,13,1,1,0,1
6024.94,12,7,0,1,1,1
10795.4,17,38,0,0,0,0
13758.29,1,17,0,1,0,1
4729.35,12,28,1,0,1,1
7253.3,23,22,0,1,1,1
11221.31,1,25,0,0,1,1
587.51,7,22,1,0,0,0
11483.29,18,1,0,1,1,1
11914.7,16,20,1,0,1,1
14058.47,21,33,1,0,0,0
12428.16,2,2,0,1,1,1
6563.11,23,2,1,0,0,0
505.24,12,35,1,1,0,0
11966.23,12,23,0,0,1,1
3760.15,18,27,0,0,0,0
6828.57,14,16,1,1,1,1
12614.43,18,34,0,1,1,1
4268.1,9,31,0,1,1,1
10063.64,14,10,1,1,0,1
11839.41,17,40,0,0,0,0
14562.5,0,31,0,0,1,1
4887.19,16,20,1,1,0,0
4780.19,19,30,0,0,1,0
2412.84,8,23,0,1,0,0
6639.86,15,2,1,1,0,1
1545.42,14,0,0,1,0,0
6699.5,14,20,1,1,0,1
1376.35,18,31,1,0,0,0
2748.04,7,20,1,0,0,0
226.39,2,39,1,0,0,0
4117.82,2,29,0,1,0,0
9872.46,10,11,0,1,0,0
4477.85,22,2,0,1,0,0
9072.29,6,23,1,1,0,1
10351.52,11,3,0,1,0,1
133.18,9,11,0,1,0,0
12334.59,13,7,1,0,1,1
3762.93,1,23,1,1,0,1
2318.29,15,31,0,1,1,1
14456.19,5,8,0,1,0,0
6300.32,13,29,1,0,0,0
6420.67,12,6,0,0,1,1
12658.23,19,25,1,1,0,1
1563.35,20,38,0,1,1,1
12381.78,0,40,0,1,1,1
4185.77,9,20,1,0,1,1
10392.06,12,34,1,0,1,1
10998.98,21,36,1,1,0,1
8669.73,10,15,0,1,0,0
14826.27,22,33,1,1,0,1
1897.19,3,23,1,1,0,1
8357.27,12,14,0,0,0,0
4734.84,5,40,1,1,0,0
699.62,18,34,0,0,1,0
12544.19,8,6,0,0,1,1
12064.46,19,0,0,1,0,1
1316.73,16,19,0,0,1,0
5804.09,16,37,1,1,1,1
14265.85,19,15,1,1,1,1
11223.51,11,15,1,0,0,0
11435.49,8,14,0,0,0,0
9350.25,10,18,1,0,0,0
10219.22,0,19,0,0,1,1
6788.9,18,38,1,1,0,1
7671.86,8,17,1,1,0,1
11329.61,6,40,0,1,0,0
6945.37,6,17,1,1,0,1
318.86,14,25,1,1,1,1
4406.0,19,17,1,1,1,1
10037.8,23,25,0,1,0,0
9520.71,4,1,1,1,0,1
13862.35,8,8,1,0,1,1
12121.76,10,14,1,0,1,1
9501.05,5,40,1,1,1,1
960.19,7,2,0,0,0,0
9430.51,5,40,1,0,1,1
5554.36,4,36,0,0,1,1
5773.37,20,18,0,1,0,0
75.26,22,0,0,1,1,1
12287.48,2,3,0,1,1,1
2088.65,9,7,1,1,1,1
327.78,15,33,1,0,0,0
9143.79,11,6,1,1,0,1
1818.57,2,18,1,0,1,1
265.9,9,7,0,0,0,0
6105.9,23,9,1,1,0,1
6766.22,2,19,1,0,1,1
4487.66,19,40,0,0,0,0
11524.0,12,17,0,1,1,1
2422.27,11,16,0,1,1,1
14551.65,10,10,0,0,1,1
1197.16,9,8,0,0,1,0
7789.82,19,28,0,1,0,0
1946.19,0,39,0,1,1,1
12675.43,5,1,1,0,0,0
11913.25,10,38,1,0,0,0
6139.56,3,11,1,1,0,1
13154.54,12,19,0,1,1,1
13175.52,23,13,0,1,1,1
12438.31,5,29,0,1,1,1
2568.55,18,12,0,0,1,0
8786.98,4,34,1,0,1,1
2358.67,1,2,1,1,1,1
13617.46,18,33,1,1,1,1
8538.22,23,27,1,0,1,1
9877.38,14,11,0,1,0,1
9560.66,16,25,1,1,0,1
4188.39,5,11,1,0,1,1
6816.11,15,20,0,1,1,1
12186.69,19,23,1,1,0,1
13442.96,1,7,1,0,0,1
12074.64,9,1,0,1,1,1
5510.18,16,6,1,0,0,0
5938.16,9,22,1,1,1,1
12024.51,10,8,0,1,0,1
13290.84,0,3,0,0,1,1
11954.1,17,40,1,0,1,1
3261.55,21,32,1,1,0,1
5831.29,22,36,1,0,0,0
6820.17,22,35,1,1,1,1
1858.2,8,35,0,1,0,0
661.94,3,5,0,0,0,0
4077.0,16,15,0,1,1,1
2027.29,11,8,1,1,0,0
6975.12,16,34,1,1,0,1
5156.8,13,5,1,0,1,1
4791.87,17,13,0,0,1,0
12462.91,5,31,0,1,1,1
432.78,11,6,0,1,0,0
12128.58,14,31,1,1,0,1
286.5,20,29,1,0,0,0
11617.66,13,13,1,0,1,1
14153.35,18,0,1,1,0,1
12703.35,18,27,0,1,0,0
3533.65,21,37,1,1,1,1
1633.25,17,0,1,0,1,1
833.48,23,9,0,0,0,0
10175.62,20,11,0,0,0,0
7873.85,13,20,1,0,0,0
13446.24,11,16,0,0,0,0
1321.31,9,2,0,1,0,0
7241.88,13,5,1,0,0,0
10089.02,12,24,0,1,0,1
10890.68,9,37,1,0,0,1
5051.58,23,35,1,1,1,1
13266.38,9,30,0,0,1,1
8066.5,0,17,0,0,1,1
147.17,9,31,1,0,0,0
3741.6,13,22,1,0,1,1
10784.16,7,4,1,0,0,0
1441.44,16,22,1,1,1,1
10745.66,18,14,0,0,1,1
959.65,7,6,1,0,0,0
7967.55,17,40,1,0,0,0
129.25,5,4,0,0,1,0
13307.84,2,30,0,0,0,0
8457.5,10,33,0,0,0,0
11815.67,15,28,0,1,0,0
12091.4,10,26,0,1,1,1
509.59,0,3,0,1,0,0
2629.08,11,17,1,0,1,1
12912.13,16,35,1,1,1,1
12484.8,7,27,0,0,0,0
11073.19,5,6,1,1,1,1
160.09,5,14,1,0,1,1
4501.28,6,3,1,0,0,0
7995.39,7,5,0,1,0,0
6517.91,5,9,1,1,0,1
5369.41,18,14,0,0,1,0
11294.35,5,22,1,0,1,1
10653.98,22,13,1,0,0,0
14272.6,15,0,0,0,0,0
6278.4,11,32,1,0,1,1
7899.21,4,22,1,1,1,1
8105.34,10,29,1,0,0,1
12388.27,11,16,0,1,1,1
766.69,9,35,0,0,1,0
6232.43,9,24,0,1,0,0
12344.32,10,18,0,0,0,0
8356.24,17,38,0,0,0,0
279.05,1,15,1,1,1,1
10976.91,3,36,1,0,1,1
7677.15,3,17,0,0,0,0
9837.18,16,26,1,1,0,1
14550.06,20,31,1,0,0,0
12136.49,6,5,1,0,1,1
10502.3,11,10,1,0,0,0
14232.48,6,6,1,0,0,0
14574.25,21,7,1,0,1,1
2171.75,9,0,0,1,0,0
10600.89,17,7,0,0,1,1
12969.42,19,15,0,1,0,0
6975.95,17,4,1,1,1,1
6979.21,18,38,1,0,1,1
9998.62,22,20,1,1,0,1
6962.48,13,6,1,0,1,1
14311.96,6,22,0,1,1,1
10068.46,22,25,0,0,1,1
6826.83,18,37,1,0,0,0
5367.51,12,36,0,0,0,0
14738.14,4,1,0,1,1,1
12134.1,0,40,1,1,1,1
8039.08,17,33,1,0,0,0
12536.93,7,22,1,0,0,0
6715.3,16,19,0,1,0,0
7492.66,23,40,0,0,0,0
2067.7,9,4,0,0,0,0
883.43,17,19,1,0,0,0
1168.92,14,37,0,1,0,0
7484.43,14,0,1,1,1,1
12263.1,2,27,0,1,1,1
13916.59,3,24,0,1,1,1
14075.9,0,22,1,0,1,1
10292.74,13,8,0,1,0,0
10918.42,1,20,0,1,0,1
1573.88,0,39,0,1,1,1
6267.89,23,27,0,1,0,0
4707.46,4,23,0,1,0,0
14899.83,7,4,0,0,0,0
5660.65,10,9,0,0,0,0
10050.13,16,13,0,0,1,1
413.54,23,17,1,1,1,1
8393.82,6,14,1,1,1,1
13977.3,4,6,0,0,0,0
2068.92,22,23,1,1,1,1
10160.03,16,11,1,0,0,0
8518.77,22,34,0,0,0,0
4336.17,2,5,0,0,0,0
7893.22,14,15,1,1,0,1
4032.25,17,9,1,0,0,0
2509.39,8,33,1,0,1,1
599.61,15,30,0,0,0,0
14941.06,22,3,0,0,1,1
4244.84,22,28,0,1,1,1
10389.49,2,32,0,0,0,0
9741.54,17,5,1,0,1,1
8623.12,1,4,1,0,1,1
7938.28,23,18,1,0,1,1
11371.78,3,11,0,1,0,1
10944.31,8,35,0,0,0,0
6669.7,15,3,0,0,0,0
12593.41,22,4,0,1,0,0
13470.65,3,28,1,1,0,1
14412.27,9,28,0,0,0,0
4596.7,15,39,1,0,1,1
2380.12,19,29,1,0,1,1
2705.19,21,29,1,0,1,1
13317.87,7,31,1,0,1,1
11650.31,22,13,1,0,0,0
2509.57,17,4,0,1,0,0
2446.3,7,26,0,0,1,0
6084.62,8,24,0,1,1,1
4462.58,17,11,1,1,0,0
8916.17,9,15,1,0,1,1
7918.22,12,32,1,1,1,1
14874.51,8,8,1,1,0,1
158.48,1,8,0,0,1,1
305.35,17,13,0,1,1,1
9066.33,19,8,0,1,0,0
4608.27,14,21,0,0,1,0
4998.45,14,23,1,1,0,0
6515.78,7,11,1,0,0,0
4790.04,15,37,0,1,1,1
1835.12,0,35,0,1,1,1
7332.67,12,11,1,1,1,1
8820.51,9,28,0,0,1,1
14873.32,20,34,0,0,0,0
13160.39,18,22,1,0,0,0
11898.7,20,6,0,1,1,1
2311.14,15,27,0,1,0,0
365.44,12,28,0,1,0,0
7297.58,2,11,0,0,1,1
12195.26,20,15,0,1,1,1
6596.8,12,6,1,0,0,0
2843.52,3,14,1,1,0,1
3197.65,16,22,0,0,0,0
14739.05,6,29,1,0,1,1
6361.61,7,30,0,1,0,0
14217.6,12,2,1,1,1,1
3500.18,3,37,1,0,1,1
11237.47,19,34,1,0,0,0
3274.77,1,3,1,0,1,1
3480.73,1,27,0,0,1,0
4232.09,11,14,0,1,0,0
10335.08,8,22,0,1,1,1
12223.7,7,14,0,1,1,1
8653.97,13,39,1,0,1,1
8705.32,9,20,1,0,1,1
10619.28,19,19,1,1,0,1
2370.82,21,12,0,0,1,0
426.6,4,4,1,1,1,1
10455.32,9,30,1,0,0,0
12730.35,23,14,1,0,0,0
6715.97,3,14,1,1,1,1
1652.13,0,35,0,0,1,0
6485.04,2,4,1,1,1,1
14173.3,17,1,0,1,1,1
5130.69,1,25,1,1,1,1
14113.6,4,29,0,1,0,1
1242.79,12,0,1,1,1,1
2107.69,19,30,0,1,0,0
14024.52,22,25,0,1,1,1
11134.36,17,28,1,0,0,0
11092.18,13,12,0,0,0,0
10581.82,3,18,1,0,1,1
1993.01,2,33,1,0,0,0
8504.56,1,33,1,1,0,1
1115.95,4,24,0,0,0,0
5396.24,8,30,1,0,0,0
2411.11,23,9,1,1,0,0
6000.97,3,12,1,0,1,1
4650.71,22,23,1,0,0,0
12076.7,9,29,0,1,1,1
5044.44,14,35,1,0,1,1
8367.11,21,28,0,1,1,1
1291.99,9,36,0,1,1,1
8636.65,11,30,0,0,0,0
2658.42,7,8,1,0,0,0
1692.83,21,8,1,0,1,1
8098.19,21,9,0,1,1,1
9660.18,5,13,0,1,1,1
10913.21,1,6,1,1,1,1
7874.75,20,11,1,0,0,0
12477.93,12,26,1,1,0,1
14252.7,1,5,0,1,1,1
8881.67,22,8,1,1,0,1
8882.04,18,19,1,0,0,0
14007.62,20,28,1,1,1,1
6454.43,7,2,1,0,1,1
3766.02,20,18,0,1,1,1
8755.44,21,5,0,1,1,1
11762.33,17,11,1,1,1,1
6740.57,6,18,1,1,1,1
6856.89,21,7,0,0,1,0
13015.17,23,16,0,1,0,1
10460.14,22,1,0,0,1,1
6338.67,6,20,1,1,0,1
10002.93,21,18,1,0,1,1
7827.02,15,9,0,0,1,0
2962.47,22,19,1,1,1,1
1830.61,2,40,1,1,1,1
13761.25,22,23,0,1,1,1
3935.72,18,2,0,1,0,0
10702.93,4,39,0,0,1,1
4586.65,14,39,1,0,0,0
6729.07,14,38,1,1,0,1
978.02,17,15,1,0,0,0
4693.8,15,31,1,1,0,0
8561.99,18,12,1,0,0,0
2051.96,17,23,0,0,0,0
7114.82,15,19,1,1,1,1
782.57,11,32,1,1,1,1
5219.26,16,1,1,1,0,1
10856.21,0,21,0,1,1,1
11711.98,5,14,0,0,0,0
6536.38,13,15,1,1,1,1
14705.8,21,38,0,1,0,0
5418.2,1,33,1,1,0,1
9191.78,19,2,1,0,1,1
12264.11,10,24,1,0,1,1
1024.97,17,0,0,0,1,0
13894.15,4,24,1,0,1,1
9758.34,2,1,0,0,1,1
2081.6,12,25,1,0,0,0
670.56,9,22,0,0,1,0
6245.19,5,40,0,1,0,0
12139.77,17,7,0,0,0,0
13899.93,9,23,1,0,0,0
11875.28,9,20,0,1,0,0
12778.02,5,32,1,0,1,1
3497.02,6,4,0,0,1,0
5708.51,16,2,1,0,0,0
2037.77,5,15,0,0,1,0
10696.86,4,7,0,0,0,0
13587.98,14,22,1,1,1,1
2120.45,22,8,1,1,1,1
812.89,15,26,0,1,0,0
11522.3,17,8,0,1,1,1
1218.49,21,6,0,1,0,0
362.43,3,16,1,0,0,0
5153.07,11,39,1,1,1,1
9854.02,8,2,1,1,1,1
11531.43,14,32,0,0,1,1
4484.81,21,17,1,1,1,1
4703.21,0,0,1,0,0,0
11100.52,9,33,0,1,1,1
8302.12,20,9,0,0,0,0
11811.58,7,40,0,0,1,1
1936.5,20,15,0,1,1,1
10916.26,22,27,1,0,1,1
3167.63,0,20,1,1,0,1
11776.51,12,17,0,0,1,1
908.97,9,25,0,1,1,1
11306.12,2,23,1,1,1,1
14813.65,10,8,0,1,1,1
10245.67,19,4,0,0,1,1
14667.53,0,23,0,1,0,1
12093.15,4,29,0,0,0,0
5268.16,18,39,0,0,0,0
5707.62,19,16,0,0,0,0
178.35,22,21,1,0,1,1
1977.36,2,17,1,0,1,1
2112.24,13,20,0,1,0,0
1441.15,23,27,1,0,1,1
7781.26,14,9,1,1,1,1
12471.45,8,33,1,1,1,1
11905.86,11,40,0,1,1,1
3096.97,12,7,0,1,1,1
3592.37,21,14,1,1,0,0
142.1,3,21,1,0,0,0
12639.64,7,30,1,1,0,1
9408.97,18,32,0,0,0,0
5857.81,2,2,0,0,1,1
321.47,5,15,0,0,0,0
6599.41,7,20,0,1,1,1
7558.05,9,5,1,0,1,1
9694.09,11,5,1,0,1,1
572.61,17,32,1,1,1,1
6835.75,11,36,0,0,1,0
6032.24,7,10,0,1,1,1
1791.83,10,16,0,1,1,1
14373.73,14,39,0,0,0,0
3121.31,9,3,0,1,1,1
8153.84,19,11,1,0,1,1
8468.44,3,15,1,1,0,1
13087.13,14,24,0,1,0,0
592.61,9,27,0,0,0,0
8790.71,23,12,1,1,0,1
5331.57,2,19,1,1,0,1
10230.12,18,32,0,1,0,0
287.3,15,12,0,1,0,0
2338.45,15,32,1,1,0,0
2048.02,9,16,1,1,0,0
2665.06,22,26,1,1,0,1
9227.39,14,31,1,0,0,0
1908.96,10,9,0,0,1,0
704.6,19,27,1,1,0,0
9133.49,15,38,0,0,1,1
3120.35,4,0,0,1,1,1
10911.1,18,0,0,1,1,1
5601.33,15,18,1,0,0,0
5994.83,15,5,0,0,1,0
6409.25,17,13,1,1,0,1
7846.83,14,30,0,1,0,0
7753.65,10,30,1,0,0,0
11487.39,8,23,0,1,0,0
9014.76,1,10,1,1,1,1
8219.55,13,38,0,0,1,1
885.94,23,27,1,0,1,1
197.26,10,10,1,1,0,0
10524.58,8,38,1,1,0,1
7157.64,18,23,0,0,1,1
3060.35,0,12,1,0,1,1
7359.94,18,23,0,0,0,0
12195.72,4,12,0,1,1,1
4324.59,8,8,1,1,1,1
1031.45,21,19,1,0,0,0
13551.36,21,6,0,1,1,1
5845.71,22,10,1,1,0,1
4069.73,11,13,1,1,0,0
13382.81,6,36,0,1,1,1
2731.86,23,0,0,1,0,0
13172.32,20,1,1,0,1,1
12224.48,7,39,0,0,0,0
5681.36,16,34,1,1,0,1
1916.38,10,20,0,0,1,0
5142.0,3,24,1,0,1,1
3669.77,18,5,1,1,1,1
8543.04,21,23,1,1,0,1
13078.22,5,39,1,1,1,1
3921.53,18,37,1,1,0,0
13348.05,23,5,1,0,1,1
5999.92,14,32,0,1,1,1
10445.22,17,25,1,1,1,1
6869.02,5,7,0,0,1,0
5560.85,20,1,1,0,0,0
14853.04,1,37,1,0,1,1
7736.0,13,3,0,1,0,0
13285.38,7,16,1,0,1,1
14673.7,15,22,0,0,1,1
7345.73,22,1,0,1,0,0
14821.78,6,28,1,0,1,1
7320.47,8,6,1,1,1,1
14778.18,14,29,0,1,1,1
5261.29,8,39,0,1,1,1
7855.54,6,9,1,1,0,1
4301.58,12,9,1,1,0,0
3708.83,7,23,1,0,0,0
3100.82,1,13,1,1,0,1
14868.32,16,15,0,0,0,0
14768.06,15,26,1,1,0,1
8546.49,2,39,0,0,0,0
6536.51,18,40,0,1,1,1
8974.87,5,21,0,0,1,1
1580.72,22,21,0,1,0,0
8063.02,16,7,0,1,0,0
12386.17,19,3,0,1,1,1
14944.72,0,39,1,0,1,1
3332.27,1,20,1,1,1,1
1328.89,4,25,0,1,1,1
3815.61,8,32,1,1,0,0
2592.54,16,7,1,1,0,0
13785.3,4,24,0,0,0,0
9797.43,4,2,0,1,1,1
1167.41,2,12,0,0,1,0
4768.96,3,40,0,1,0,0
14939.1,20,4,1,1,1,1
13805.86,10,18,0,1,1,1
2923.62,12,4,0,0,0,0
3075.89,23,16,1,0,1,1
5577.91,14,22,1,0,0,0
5331.6,7,15,1,0,0,0
11503.21,9,24,0,0,1,1
78.99,14,39,0,0,1,0
11619.11,7,28,0,1,1,1
3398.31,21,39,0,1,0,0
9017.62,5,8,0,1,1,1
14303.91,22,22,1,1,0,1
4095.14,7,28,1,1,1,1
11955.92,7,22,0,1,0,0
1558.4,16,40,1,0,0,0
3875.85,6,1,1,1,0,0
5716.47,5,23,0,0,0,0
8367.65,8,24,1,1,1,1
12806.58,12,27,1,1,0,1
1126.69,5,9,0,0,0,0
1106.23,22,34,0,0,0,0
2746.19,14,37,1,1,1,1
2522.07,5,25,1,0,0,0
9211.95,12,26,1,0,1,1
14565.43,18,9,0,0,0,0
12076.5,17,9,1,1,1,1
7300.82,3,7,1,1,0,1
702.39,7,31,1,0,1,1
1137.08,12,12,0,1,0,0
1401.73,12,16,1,0,1,1
2172.36,5,28,1,1,0,0
7669.69,12,38,0,0,0,0
6915.12,19,2,0,1,1,1
8865.33,0,26,0,1,1,1
13640.31,9,19,0,0,0,0
128.42,18,35,0,1,0,0
8833.6,23,9,1,0,1,1
2643.61,13,16,0,1,1,1
1080.42,16,5,0,0,0,0
14466.3,14,13,0,1,1,1
7054.03,16,31,0,1,0,0
6825.88,8,33,1,1,0,1
11453.47,15,10,1,0,1,1
10092.25,9,21,0,0,0,0
4186.1,22,22,1,1,0,0
6841.51,15,21,1,0,1,1
3136.76,20,23,0,1,0,0
2608.87,2,34,0,1,0,0
10787.96,16,36,1,0,1,1
3520.11,12,39,1,0,0,0
2506.03,20,22,1,1,1,1
12109.75,8,7,1,1,0,1
8336.16,9,3,1,1,1,1
3093.13,10,31,1,1,1,1
12193.14,12,8,0,1,1,1
2621.54,12,2,1,1,0,1
12066.61,8,14,1,1,0,1
4667.02,19,33,0,0,0,0
4247.09,14,22,1,1,1,1
11737.17,15,34,0,0,1,1
10434.76,9,27,1,1,0,1
12236.61,8,11,0,0,1,1
12792.9,14,36,1,1,1,1
4349.36,12,10,1,0,0,0
8311.52,10,29,1,1,1,1
14864.5,0,5,1,0,0,1
13004.56,9,1,1,0,1,1
9581.65,19,19,1,0,0,0
1247.88,10,30,0,0,0,0
3460.17,19,38,0,1,1,1
12122.59,22,22,0,0,1,1
12092.09,6,19,0,0,1,1
13977.83,6,0,1,1,1,1
5606.18,22,38,0,0,1,0
5221.55,23,16,1,1,0,1
273.11,15,35,0,0,1,0
2608.05,9,16,0,0,0,0
13340.31,2,31,0,1,1,1
1563.18,10,30,0,1,1,1
12766.94,8,37,1,1,0,1
821.97,22,1,1,0,0,0
7519.31,11,4,0,1,1,1
2492.77,21,0,1,0,1,1
9143.19,4,38,0,0,1,1
5371.33,1,32,0,0,0,0
2312.17,12,13,1,0,1,1
11285.45,13,39,0,0,1,1
6871.02,7,33,1,1,1,1
10157.26,9,4,0,1,1,1
13276.61,11,20,0,0,1,1
5787.4,14,28,1,1,0,1
9214.37,4,15,1,0,0,1
3345.95,23,4,0,1,1,1
13133.68,1,31,1,0,0,1
710.95,23,15,0,1,0,0
952.71,1,9,0,0,0,0
13753.22,15,19,0,0,1,1
12463.49,22,20,1,1,0,1
8781.47,15,10,0,0,1,1
1502.54,11,0,1,1,0,1
10947.16,8,26,0,1,1,1
11048.48,17,37,0,1,1,1
1757.7,10,19,1,0,1,1
14314.4,3,23,0,1,0,1
10423.16,19,22,0,0,1,1
8097.15,6,39,0,0,0,0
8675.99,15,9,1,1,0,1
4342.52,7,34,0,0,0,0
8784.63,21,28,0,1,0,0
9550.82,4,23,1,1,0,1
8809.03,23,4,1,0,1,1
247.66,20,8,0,1,1,1
341.86,21,0,0,0,0,0
4862.63,0,18,0,1,1,1
247.75,19,38,0,1,1,1
3192.68,2,20,1,0,0,0
10433.32,19,6,1,0,0,0
13816.14,3,11,0,0,1,1
9379.04,21,14,1,1,0,1
10281.99,15,24,0,0,1,1
3826.58,15,15,1,1,0,0
742.14,12,18,0,1,1,1
4486.95,6,20,0,1,0,0
13979.16,3,20,0,0,0,0
3872.57,16,12,0,0,1,0
4350.89,20,30,1,1,1,1
10750.05,5,33,1,0,1,1
2249.49,21,19,1,0,0,0
12676.47,2,5,0,0,0,0
4204.75,14,18,1,1,1,1
3982.97,0,8,0,1,0,0
8149.11,0,0,1,0,1,1
9956.95,20,24,0,1,1,1
14498.25,19,7,0,1,1,1
13991.26,23,9,0,0,0,0
12981.13,6,27,0,1,0,0
14864.35,22,4,0,0,1,1
13443.32,13,20,0,1,0,0
11580.29,22,1,1,0,1,1
1998.73,14,6,1,0,1,1
9308.15,12,21,0,1,0,0
14552.66,21,18,1,1,1,1
4360.7,16,10,0,1,1,1
3776.36,0,14,0,1,0,0
4622.23,12,30,0,0,1,0
11746.51,13,27,1,1,0,1
11971.94,19,0,0,0,1,1
11701.39,0,28,0,0,1,1
14961.21,22,6,1,0,0,0
2554.5,6,10,0,1,0,0
12637.02,17,27,0,1,0,0
9542.44,5,7,1,1,0,1
9859.02,18,6,0,1,1,1
7431.55,14,21,0,1,0,0
13028.15,17,33,0,0,1,1
13039.81,3,12,1,0,1,1
3038.88,7,34,1,0,1,1
14517.3,1,12,1,0,0,1
11022.69,17,0,0,0,1,1
6117.03,14,15,1,0,0,0
1007.14,23,32,1,0,0,0
2743.36,11,39,0,0,1,0
7424.69,14,13,1,1,0,1
10895.03,7,15,1,1,1,1
7520.05,3,20,1,0,1,1
160.55,6,17,1,0,1,1
14045.51,10,34,0,0,0,0
3438.91,23,21,1,1,0,0
4016.79,6,15,1,1,0,0
10835.99,5,16,0,1,0,0
6064.91,5,12,1,0,0,0
3672.14,1,34,1,0,0,0
14518.54,16,23,1,0,1,1
14285.99,21,38,1,1,1,1
2915.95,16,31,1,0,1,1
5796.16,8,13,0,1,0,0
6150.77,3,34,0,1,1,1
29.27,0,18,1,1,1,1
8078.18,22,29,1,1,0,1
7594.61,0,38,1,1,0,1
2580.69,22,16,0,0,1,0
3723.51,17,20,1,0,0,0
4770.62,14,20,1,0,1,1
3804.98,9,18,1,0,0,0
3518.23,11,2,1,1,0,1
13938.84,10,9,1,1,0,1
9207.47,9,25,0,1,1,1
13194.12,11,32,0,1,0,0
7061.4,10,27,0,1,0,0
3509.01,11,23,0,1,0,0
8909.55,20,40,1,1,0,1
5108.49,17,27,1,1,1,1
8450.9,12,22,1,1,1,1
14876.29,18,33,0,0,0,0
3017.44,11,37,1,1,0,0
7757.1,10,11,0,0,1,0
556.15,11,29,1,0,1,1
14689.44,0,1,1,0,0,1
2919.57,0,20,0,1,0,0
7577.36,8,28,0,0,1,0
1372.01,19,21,1,0,1,1
14902.45,11,25,1,0,1,1
1263.46,13,14,0,0,0,0
7496.55,1,19,0,0,0,0
10168.12,17,19,1,1,1,1
9152.43,14,21,1,1,1,1
2680.66,5,12,1,1,0,0
5037.0,4,23,1,0,1,1
556.24,9,29,1,0,0,0
3588.07,19,6,0,0,1,0
430.08,11,5,0,0,0,0
12546.24,23,27,1,1,1,1
12471.24,1,38,0,1,1,1
6813.15,12,38,0,0,1,0
10765.84,21,38,1,0,1,1
250.54,2,25,1,1,1,1
6041.24,16,1,1,1,1,1
7042.28,10,32,0,0,0,0
659.62,23,33,0,1,1,1
13873.13,5,17,0,1,1,1
14255.65,5,23,0,1,1,1
889.37,14,33,1,0,1,1
11754.49,11,7,1,0,0,0
2040.37,16,32,0,0,0,0
2732.27,17,3,1,1,0,1
8472.75,18,25,1,1,0,1
11233.84,15,31,1,1,1,1
2368.73,17,37,1,1,0,0
4840.65,5,16,1,1,0,0
3091.0,15,39,1,0,0,0
5707.65,20,18,1,0,0,0
773.53,14,25,0,1,0,0
6812.53,7,26,1,1,1,1
5590.93,3,32,0,0,0,0
6777.26,21,39,0,1,1,1
6606.9,15,13,1,1,1,1
10159.37,7,32,0,0,0,0
3808.81,19,15,1,0,0,0
9214.67,7,2,0,1,0,0
4466.76,20,2,1,0,1,1
3800.11,7,3,0,1,0,0
14118.98,0,10,1,0,1,1
11765.09,13,15,0,1,0,1
7327.77,20,24,0,0,1,0
6196.15,16,24,0,0,1,1
8451.63,9,3,1,0,1,1
13142.02,6,2,1,0,0,0
13621.48,8,32,1,0,1,1
12988.27,19,27,1,0,1,1
14737.08,10,30,1,0,0,0
14350.33,12,9,1,1,0,1
2881.71,17,30,1,0,0,0
3842.69,17,36,0,1,0,0
12300.16,9,8,0,1,0,1
9278.67,4,3,1,0,0,1
11283.06,7,11,1,0,1,1
4243.0,22,24,0,1,1,1
8638.19,12,20,0,0,0,0
7774.86,4,19,1,0,1,1
13535.86,11,10,0,0,1,1
5228.4,3,28,0,1,0,0
7903.14,16,25,0,0,0,0
13657.56,10,29,0,1,1,1
14031.76,3,24,1,1,1,1
12779.1,1,35,0,1,0,1
9358.32,10,18,1,1,0,1
5224.28,8,33,1,1,1,1
3119.51,18,20,1,0,1,1
8947.51,15,19,1,0,1,1
5809.05,4,34,1,1,1,1
1024.66,21,8,1,0,1,1
11303.76,13,18,0,0,0,0
9950.32,0,21,1,1,0,1
3256.95,3,13,1,1,0,1
3767.43,4,10,0,1,0,0
12629.89,5,2,0,0,1,1
11516.13,19,11,1,1,1,1
11406.9,9,32,1,0,0,0
1197.98,0,0,0,0,0,0
3529.9,9,18,0,1,0,0
2073.86,20,6,0,0,0,0
14706.87,18,3,0,0,0,0
605.2,18,26,0,0,0,0
10028.19,6,3,0,0,0,0
9488.63,22,25,1,1,0,1
3240.62,5,10,1,1,0,0
12326.97,6,28,0,1,1,1
11941.34,23,30,1,0,1,1
12389.89,11,28,0,1,0,1
10674.78,18,31,1,1,0,1
14625.77,5,26,1,0,1,1
14206.96,8,8,1,1,0,1
3360.97,1,9,0,1,1,1
4756.55,16,34,1,1,0,0
9348.53,13,31,1,0,1,1
3764.5,7,39,1,1,0,0
